exam_row_id,factors
1015884464,0
1014797063,0
1015993169,14
1016241716,0
1014779666,0
1016223331,0
1015633631,0
1014919571,0
1014783491,0
1015697429,0
1014870725,17
1015331490,0
1015716397,0
1015735169,6.2
1014753031,6.1
1015497527,0
1014845587,0
1015808641,0
1015387790,0
1016053514,0
1014702470,0
1016170333,0
1015635594,0
1015422438,6.1
1015406077,0
1015259176,0
1015770987,0
1015633239,1.37.1
1015477158,0
1016011746,0
1016175238,0
1015692283,0
1014656182,0
1016230119,0
1016181557,0
1015334369,0
1015686395,0
1015651770,0
1015030650,6.1
1015944971,0
1015323467,0
1016011233,0
1015458167,0
1015696946,0
1015945018,0
1016020744,0
1015284888,0
1015706163,0
1014644904,0
1015198970,0
1014896387,0
1015645771,0
1016025632,0
1014933396,0
1015492099,0
1015182497,0
1016111909,0
1015156869,0
1016225467,0
1015577108,0
1015643801,0
1015430877,0
1015893832,0
1015858772,0
1015859178,0
1015845218,0
1015135294,0
1014828611,0
1015718094,0
1015571732,14;6.1
1014836251,0
1015691286,0
1015255967,0
1015156405,0
1015038261,0
1015459912,0
1014901183,0
1015095760,0
1015991890,6.1
1015851470,0
1015643492,0
1014855752,0
1014847940,0
1014652140,0
1015417853,0
1016114683,0
1015129101,0
1015285481,1.37.1
1015364698,0
1015204843,0
1015969390,0
1016071192,0
1015347916,0
1014699536,0
1015651750,0
1015935081,0
1014926355,0
1015427608,0
1015005119,0
1015043733,0
1015842081,0
1016181969,0
1016016307,0
1016027640,0
1014803567,0
1015133715,0
1015254412,0
1015212682,0
1016068853,0
1015605135,0
1015135131,6.1
1015651122,0
1015525464,0
1015330463,0
1015555721,0
1015682065,0
1014845109,0
1015011400,0
1015390774,0
1015120331,0
1014727800,0
1015662491,0
1015796730,0
1016199643,0
1016194883,0
1015019919,0
1014705728,0
1015980090,0
1015661605,0
1016110935,0
1015594462,0
1015005068,0
1015302373,0
1015623696,0
1015164772,0
1015546720,0
1015083811,0
1016037053,0
1015944129,0
1016050476,0
1014867030,0
1016176837,0
1016078394,0
1015725026,0
1014830810,0
1015636966,0
1015126199,0
1015075129,0
1015303093,0
1015594696,0
1016074623,0
1014768185,0
1015302265,0
1015374286,0
1015255839,0
1016084543,0
1014701403,0
1015309556,0
1015775682,12
1015958967,0
1015120587,0
1014756128,0
1015025427,0
1015520375,0
1015245317,0
1014683165,0
1015327603,0
1015227027,0
1015201110,0
1016020880,0
1016115910,0
1015172214,5.1
1014946440,0
1016231354,0
1015104625,0
1015000568,0
1014687261,0
1015046704,0
1015125981,0
1015011219,0
1015493386,0
1014734981,0
1016131332,0
1015796164,0
1014907062,0
1016078565,0
1014733495,0
1014733934,0
1015762727,0
1015417020,6.2
1015384188,0
1015043424,0
1015771242,0
1016262636,0
1015447582,0
1015573832,0
1014904620,0
1016147804,0
1015035024,0
1015842286,0
1015247002,0
1015823488,0
1015422689,0
1015049215,0
1015651719,0
1016078742,0
1014855568,0
1016186728,0
1015982682,0
1016083344,6.1
1015089008,0
1014742208,6.1
1016233890,0
1015076333,0
1016069342,0
1015355896,0
1015153189,0
1015404284,0
1015789334,0
1015708139,17
1014907371,0
1016006431,0
1015866432,0
1016169955,0
1015775317,0
1016268818,0
1014874802,0
1015104530,0
1014870470,0
1015590397,6.1
1015828101,0
1014683052,0
1015841666,0
1015935020,0
1015740147,0
1015007349,0
1015579942,0
1015003634,0
1015573279,0
1015239382,0
1015126642,0
1015209284,17
1014841795,0
1015019625,1.37.1
1015105384,0
1014650748,0
1015558187,0
1014738181,0
1014746720,0
1016122816,0
1015496699,0
1016261070,0
1015517091,0
1015819732,12;17
1015770291,0
1015255715,0
1015445777,0
1015289328,0
1015330331,0
1014787314,0
1015991392,0
1016231691,6.1
1015419208,6.2
1015047624,0
1016271106,0
1015008284,0
1015754772,0
1015280605,0
1015797003,0
1015817906,0
1014810684,0
1014809617,0
1016136123,0
1015845566,0
1015179053,0
1015348296,0
1014856149,0
1015621690,0
1016169842,0
1015464939,0
1015774491,0
1015908210,0
1015807540,0
1016070511,0
1015252534,0
1016170161,0
1016020983,0
1015272398,0
1014767476,0
1015777113,0
1014664542,0
1016110494,0
1015709906,0
1015366548,0
1014926920,14
1015759195,0
1016180707,0
1015949320,0
1015407926,0
1015138660,0
1015717610,0
1014833703,6.1
1015303936,0
1014870329,0
1016126354,0
1015588828,1.37.1
1015331453,0
1015458200,0
1016008674,0
1014767200,0
1016027273,0
1015652219,0
1016114232,0
1015368820,0
1015203989,0
1014989311,0
1014931116,0
1014866891,0
1014823508,0
1014808102,0
1014936383,0
1015183707,0
1015043565,0
1015331600,0
1014845027,0
1015805261,0
1016168553,0
1015292784,0
1015991491,0
1015498136,0
1015801719,0
1014819562,0
1014796249,0
1015859205,0
1015252648,0
1015130892,0
1015636545,0
1016015608,0
1016268643,0
1016003706,0
1014798072,0
1015080609,0
1015841026,0
1015780181,0
1014681379,0
1016130749,0
1015314557,0
1015939241,0
1015791113,0
1015949573,0
1015742058,0
1015418096,0
1014999611,0
1016100653,6.1
1015749150,0
1016248318,0
1014638347,0
1016009567,0
1014777741,0
1014900835,0
1015501101,0
1014784061,0
1014767207,0
1015386375,4.4
1014896649,0
1015272531,0
1015172233,17;5.1;6.1
1015054274,0
1015771094,0
1015035922,17
1015275963,0
1015686594,0
1015487465,0
1015418886,0
1015854180,0
1015418978,0
1015795785,0
1015341831,0
1015719942,0
1014999813,0
1015743939,0
1015651919,0
1015932470,17;6.1
1015120074,0
1014867113,0
1015636472,0
1016106323,0
1015041171,0
1015919130,0
1015705727,0
1015818951,0
1014900898,0
1015690920,0
1015488171,6.2
1015866177,0
1016169217,0
1015180468,0
1016159348,0
1015042208,0
1015582502,0
1014846011,0
1014659077,0
1015241504,0
1015166161,0
1014996512,0
1015503327,0
1016185583,0
1015152274,0
1014935347,0
1015812593,0
1015201365,0
1015651493,0
1015956022,0
1015043609,0
1014682392,0
1015641914,0
1016010882,0
1016122642,0
1015586787,0
1015790072,0
1016200069,0
1015288866,0
1015573715,0
1015094605,0
1014984979,0
1016261519,0
1015426586,0
1016106239,0
1015327637,18.1
1016121637,0
1014913003,0
1014687120,0
1016101193,0
1014853829,6.1
1015280559,0
1016225130,0
1016154079,0
1015935584,0
1014988359,0
1015103773,0
1016035943,0
1016037038,14;6.1
1015470250,0
1015553576,4.4
1016115438,0
1016257952,0
1016036511,0
1015858457,0
1014990004,0
1015604954,0
1015130547,0
1015530259,0
1015220212,0
1014766836,0
1015153816,0
1014843794,0
1015760505,0
1014741781,6.2
1015116702,0
1015457278,0
1014762134,0
1015858960,0
1015175931,0
1015751569,0
1015194182,0
1015413935,0
1014678353,0
1014770531,0
1016101667,0
1015881052,0
1016035793,0
1015560587,6.1
1016127644,0
1015007676,0
1015484470,0
1015845392,0
1015947417,0
1015027392,0
1015318800,0
1015632433,0
1015075233,0
1015138439,0
1016175618,0
1016133315,0
1015043762,0
1016200200,0
1015521322,0
1015943473,6.1
1016136711,0
1014903090,0
1015604187,0
1016251804,0
1015994590,0
1015286508,0
1014926956,0
1015422392,0
1016017808,0
1015138612,0
1015581610,0
1015071374,0
1014742048,0
1015625160,0
1015314653,0
1014937557,0
1014836304,0
1015360627,0
1015532923,0
1015431968,0
1015646043,0
1015889902,0
1015516631,0
1016110995,0
1014850589,0
1016260819,0
1014723047,0
1015935743,0
1016027392,0
1014726058,0
1014855020,0
1015831824,0
1015547690,0
1014912640,0
1015085823,0
1014905407,17
1016255687,0
1014751981,0
1014853383,0
1015676767,6.1
1015938706,0
1015589337,0
1015075177,0
1015105301,0
1015515230,0
1015021326,0
1015589353,0
1015547359,0
1015658421,0
1015764891,0
1015310181,0
1016223912,0
1015606047,0
1015097387,0
1015797981,0
1015043675,0
1015173803,0
1014940552,0
1015582474,0
1015791193,0
1014936158,0
1015813229,0
1015126362,6.1
1015896647,0
1014989002,0
1015126647,0
1015558249,0
1014844549,0
1015510607,0
1015008768,0
1015806168,0
1016017799,0
1014659999,0
1015642635,0
1015284313,0
1014865539,0
1016017654,0
1015175638,0
1016149910,0
1015071566,0
1015888736,0
1015363065,0
1015333559,0
1015081980,0
1015318295,0
1015908913,0
1014677046,0
1016107822,0
1015866321,0
1015594409,0
1015636217,0
1015129274,0
1015759373,0
1014868713,0
1015502062,0
1015997274,0
1015791314,0
1015423394,0
1015771435,0
1015368098,0
1015456373,0
1016074098,0
1015156814,6.1
1015770692,0
1015252552,0
1015601146,0
1016034639,0
1015198753,0
1014827781,0
1014878045,0
1014797024,0
1015808534,0
1015691891,0
1014849498,17
1015112338,1.36;1.37.1;13
1015494219,0
1015653043,0
1016072503,0
1015828079,0
1016078251,0
1015172036,17
1015750896,0
1014895947,0
1015132786,0
1014705474,0
1015959178,0
1015808097,0
1014909980,0
1016069235,0
1015575243,0
1015109048,0
1016111868,0
1015498521,0
1015948042,0
1015493062,0
1015432459,0
1015922658,0
1015550024,0
1015820371,0
1015655866,0
1015480676,0
1015052120,0
1016079124,0
1014866773,6.2
1015043380,0
1015733582,0
1015508979,0
1015908834,0
1015797181,0
1015455611,0
1015681060,0
1015555736,0
1015436172,0
1016162414,0
1015093722,0
1015412939,0
1014942974,6.2
1014766363,0
1015719759,0
1016158936,0
1015602170,0
1015903926,0
1016224546,17
1015692317,0
1015909751,0
1015795880,0
1014856844,0
1014912429,0
1015117166,0
1014766343,0
1016021841,0
1015988551,0
1014732729,0
1015164528,0
1015049934,0
1015686321,0
1016159327,0
1015979841,6.1
1014824742,0
1015134939,0
1015477052,0
1015695596,0
1015297603,6.1
1015892978,0
1014713153,0
1014923666,0
1015048610,0
1015582434,0
1015935431,0
1015929764,0
1015151726,0
1015164649,0
1015126663,0
1015167966,0
1015720932,0
1016059755,0
1015330708,0
1015205741,0
1015183781,0
1014943565,0
1014862693,0
1015774771,0
1015400791,0
1015700453,0
1015991806,0
1014705354,0
1015129127,0
1015935497,0
1016055940,0
1015419933,0
1015727169,0
1015227996,0
1015555738,0
1015626391,0
1014931681,0
1014702536,0
1015120692,0
1015545426,0
1015682385,0
1015502550,6.1
1015534816,0
1015573532,0
1015624638,0
1015210601,0
1015661759,0
1015765062,0
1015550670,0
1015074941,0
1015528737,0
1016115288,0
1014697650,0
1015629589,0
1016127239,0
1015448478,0
1014711763,0
1016091646,6.1
1016275604,0
1015082725,0
1015709314,6.2
1015505715,0
1015465859,0
1015087327,0
1015074777,0
1015945080,6.1
1014771441,0
1015996351,0
1015633966,0
1015528337,0
1016051486,0
1015633976,0
1015844819,0
1014942259,0
1015896350,0
1015239645,0
1014933541,0
1015479798,17
1015702139,0
1016121012,0
1015104320,0
1014727677,0
1014804607,17
1015182306,0
1015107020,0
1015413400,0
1015223263,0
1016058863,0
1014928786,0
1015940454,0
1015411163,0
1015676362,0
1014914590,0
1016025219,0
1016200228,0
1016089675,0
1014781382,0
1014764136,0
1014895341,0
1015311611,0
1014691289,0
1014787654,0
1015363164,0
1015630306,2.4.2
1015072407,0
1015790250,0
1015743535,0
1015235549,0
1015759075,0
1016231504,0
1015979928,0
1015109152,0
1014827914,0
1016231303,6.1
1015139152,0
1015710042,0
1015949584,0
1015686124,0
1016019242,0
1015807946,0
1015530588,0
1014795080,0
1015094925,0
1014685745,0
1014970829,0
1015413656,0
1015663384,6.1
1016104659,0
1015650621,0
1015036953,0
1015111564,0
1015809426,6.1
1014823214,0
1014925359,0
1015138427,0
1015935224,0
1015289246,0
1014895713,0
1015031081,0
1014797937,0
1014653580,0
1015697038,0
1015168064,0
1015784649,0
1014805355,0
1014907873,0
1015218707,0
1015011874,0
1016153055,0
1016091772,0
1015216907,0
1015774702,0
1015172208,0
1016218618,0
1016107075,0
1015260977,0
1016251507,0
1015643626,0
1015889020,0
1015045027,0
1015780289,0
1015483428,0
1015218066,0
1015112806,0
1014697257,0
1015530179,0
1015374358,0
1015939262,0
1015054451,6.1
1014930061,0
1016006524,0
1014826304,0
1014834207,0
1014699147,0
1015275727,0
1015090577,0
1016068368,0
1015501358,0
1014865471,0
1014971790,0
1016087150,0
1015676254,0
1014772015,0
1015632833,0
1015917191,0
1014712652,0
1015651465,0
1015785243,0
1016150490,0
1015658665,0
1015396400,0
1014878722,0
1015989001,0
1015624748,0
1015633783,0
1015918339,0
1015412742,0
1014980826,0
1015782718,12
1014822234,0
1015682221,0
1015341000,0
1015012078,0
1014959734,6.1
1015153638,6.1
1015733314,0
1015983695,0
1014760294,0
1014825018,0
1015978193,0
1015854275,0
1015934179,0
1014712296,0
1015652179,0
1015683908,0
1015318346,6.2
1015377616,0
1014779247,0
1015961112,0
1015022140,0
1015431553,0
1016200288,0
1014734529,0
1015383187,0
1015090589,0
1015265965,0
1014837974,0
1016031139,0
1015602060,0
1015487929,0
1015075980,0
1015153290,0
1015432233,0
1015819342,0
1015190702,0
1014969529,0
1015907818,0
1015426981,0
1014686507,0
1015651452,6.1
1015245416,0
1016135295,0
1015903527,0
1015636733,0
1014848721,0
1014862784,0
1015255395,0
1015070011,0
1015929320,0
1015307087,0
1015191831,0
1015040803,0
1015211022,0
1016006706,0
1015096055,0
1014822471,0
1015108482,0
1015558982,0
1015935628,0
1015125942,5.1;6.1
1015130292,17
1014723195,0
1015038420,0
1014689919,0
1015491565,0
1015949626,0
1015026917,0
1016179015,0
1014758163,0
1015307644,0
1015625280,0
1015314816,0
1016060879,0
1014933865,0
1015368313,0
1014925535,0
1015709208,6.2
1014830893,0
1014943454,0
1014992180,0
1014936296,0
1014826805,0
1015088304,0
1015859003,0
1015802671,0
1015771001,0
1015910732,0
1014844132,0
1016235413,0
1015741283,0
1015036531,0
1015755771,0
1015091744,0
1016275480,0
1015739036,0
1014922819,0
1015662484,0
1015643074,0
1015954653,0
1016254581,0
1016021607,0
1015153470,0
1015573494,0
1015183353,0
1015730256,0
1015705890,0
1014729494,0
1015028091,0
1016268003,4.4;6.2
1015183479,0
1015409177,0
1015696427,0
1014712238,0
1015342454,0
1014979786,0
1016032547,0
1015456338,0
1016225647,0
1014772242,0
1015327556,0
1015555277,0
1015621428,0
1014762239,0
1015086881,0
1014713829,0
1015054440,0
1015841861,0
1014747737,0
1015979800,0
1015805709,0
1015282076,0
1015284836,0
1015368185,0
1015566702,1.15;1.36;1.40.1;1.49.4
1016147694,0
1015276551,0
1015589443,0
1016069973,0
1014682310,0
1015138796,0
1015981552,1.36.2;1.37.1
1014727947,0
1014701466,0
1015613635,0
1016120938,0
1014942415,0
1016053403,0
1014911894,0
1015307372,0
1016106153,0
1015621207,0
1015990459,0
1014747250,0
1015461093,0
1015347162,0
1015729929,0
1015654289,0
1015038485,0
1015170548,0
1015129042,0
1015038272,0
1016272247,0
1015697572,0
1016246680,0
1016230101,0
1016008881,0
1016185328,17
1015311210,0
1015031563,0
1015355698,0
1015622058,0
1014704636,0
1015471496,0
1015317330,0
1016186432,0
1015572740,0
1015818793,0
1015764935,0
1015142487,0
1014662400,0
1015397198,6.2
1016031784,0
1016214759,0
1015112455,0
1015655510,0
1015120943,0
1015646653,0
1016007647,0
1016081699,0
1016137656,0
1015330359,0
1015238313,0
1016106203,0
1014900689,0
1015183418,0
1014696502,0
1014722299,0
1014971048,0
1015285148,0
1015751016,0
1015602193,0
1015087029,0
1015275342,0
1015554596,0
1015382213,0
1015459356,0
1014900570,0
1015297628,0
1015937915,0
1016044273,0
1014907259,0
1014777381,0
1016252331,0
1015331413,0
1015050959,0
1014837023,0
1016071185,0
1015573459,0
1016250581,0
1014976504,0
1014790023,0
1015395771,0
1015105607,0
1015211402,6.1
1015733113,0
1015646821,0
1014710465,0
1015945087,6.1
1015334854,0
1016258624,0
1015390999,0
1015297655,0
1015296612,0
1015386841,0
1015658248,0
1015614136,0
1014965607,0
1015590992,0
1014752644,0
1014687179,0
1016016182,0
1016032488,0
1014701505,0
1015510636,0
1016074388,0
1015282096,0
1015286694,0
1014905395,0
1015787194,0
1015979893,0
1015731648,0
1014781655,0
1015043677,0
1015642833,0
1014767543,0
1015314381,0
1015036344,0
1015236479,0
1015153760,0
1014986018,0
1014943231,0
1015464772,0
1016230911,0
1015456973,0
1015191093,0
1015754782,0
1015055211,0
1015922072,0
1015717884,0
1015943945,0
1014993481,0
1014904230,0
1014977080,0
1015989604,0
1014754413,0
1016024855,0
1015250056,0
1015261816,0
1015275845,0
1015180192,0
1015334386,0
1015126919,0
1015996224,6.1
1015191236,0
1015773921,0
1015506107,0
1015643190,0
1015228108,0
1015304205,0
1014862679,0
1015922435,0
1015755668,0
1015303945,0
1016011338,0
1014896603,0
1015317202,0
1014685726,0
1015252244,6.1
1015422919,0
1016223831,0
1015497580,0
1015701691,0
1014655271,0
1015470908,0
1014713861,0
1015643350,0
1015153900,0
1014973469,0
1015802406,14
1015999897,6.1
1015865076,0
1015076262,6.1
1014716913,0
1014709968,0
1014940199,0
1015117039,0
1015428183,0
1014935671,0
1015949265,5.1
1014912968,0
1015651268,0
1015770624,0
1014742101,0
1015496981,0
1015637697,0
1015046052,0
1015595466,1.37.1
1016227192,0
1015267724,0
1014809121,0
1015281343,0
1015303934,0
1014925386,0
1015426037,0
1014664449,0
1015516181,0
1015934804,0
1014959701,0
1015296543,0
1015081958,0
1014863803,0
1015492240,0
1015317068,0
1014866929,0
1014868771,0
1015183025,0
1014785928,0
1015423610,0
1016109110,0
1015282475,0
1015927357,0
1016160181,0
1016021807,0
1016158319,6.1
1015955634,0
1016176524,0
1016035556,0
1015190944,0
1015427423,0
1015116123,0
1015586601,0
1015750698,0
1014870772,0
1016231519,6.1
1016221830,0
1016017676,0
1015212071,0
1015889746,0
1014909057,17;6.1
1016049961,0
1015825901,0
1015567003,0
1015113468,0
1015255785,6.1
1015675445,6.1
1015918830,0
1015218525,0
1015801638,0
1016147757,0
1015285209,0
1015881982,0
1014893855,0
1015210370,0
1015482525,0
1015577071,0
1016231231,0
1014905769,0
1015116520,17;6.1
1015487598,0
1016231483,17;6.1
1014712831,0
1015119014,0
1015317572,0
1015030764,0
1015777121,0
1015052255,0
1016000932,6.2
1015456880,0
1015192767,0
1015582509,0
1015390990,0
1014971878,0
1015641655,0
1015624903,0
1015686118,0
1015238717,0
1015629074,0
1015286317,0
1015133758,0
1014730172,0
1015765027,0
1015823682,0
1014972732,0
1016132686,0
1015108297,0
1015604905,0
1015281707,0
1014652129,0
1014854227,0
1015347938,0
1015551615,0
1014969368,0
1014810276,0
1015691495,0
1015064903,0
1015119546,0
1015692993,0
1015205923,0
1014781234,0
1014970505,0
1016175571,0
1015135048,6.1
1015896860,0
1015180983,0
1016005973,0
1015095530,0
1015771234,0
1016053448,0
1014903312,0
1015445742,0
1015901888,0
1015304227,0
1015423329,0
1015155961,0
1015071288,0
1014690475,0
1015116243,0
1015027384,0
1015572403,0
1016011119,0
1015031473,0
1015663191,0
1016071138,0
1015125415,0
1016167909,0
1014855178,0
1015205476,0
1014961160,17;6.1
1014889655,0
1014771294,0
1015174782,0
1016157104,0
1016232519,0
1015496110,0
1015599199,0
1016074216,0
1014801583,0
1015982460,0
1015261139,0
1015120191,0
1015409313,6.2
1015934818,0
1016075343,0
1015763027,0
1016137781,0
1015007749,0
1015030298,1.34.1
1015404394,0
1016101600,0
1016148706,0
1015054292,0
1015236562,0
1014985445,0
1015224508,0
1015272357,0
1016258673,0
1014896104,0
1015105563,0
1015919289,0
1015573810,0
1014645728,0
1015369258,0
1015259533,0
1016070474,0
1015286653,0
1015131954,14
1014754105,0
1015796554,0
1016104993,0
1014761616,0
1015701726,0
1014965206,0
1016258565,0
1015290562,0
1015597252,0
1016229602,0
1015813309,1.37.1
1015307911,6.1
1014709881,0
1014933594,0
1015655793,0
1015088032,0
1014905461,0
1015800279,0
1015224271,0
1015482948,0
1015365345,0
1015444858,0
1015704910,0
1015323507,0
1015090188,0
1014911982,0
1016070237,0
1015979939,0
1016221651,0
1016189015,0
1015610226,0
1014847915,0
1015682423,0
1016268035,0
1014708697,0
1014900205,0
1014809593,0
1014769326,0
1014829906,0
1015820615,0
1015774517,0
1014972150,0
1015191213,6.1
1015240786,0
1016228474,1.1;1.36;1.36.2;1.37.1;1.40.1;1.49.4;1.50
1015676569,0
1015585447,0
1016135820,0
1016020838,6.2
1015459270,0
1015153155,0
1014643582,0
1015636066,0
1015126559,0
1014959150,0
1014725686,0
1015701985,0
1016069028,0
1015982777,0
1014868299,0
1015520888,0
1015770152,0
1015361040,0
1014870468,0
1015661928,0
1016020410,0
1015051273,0
1015567240,0
1016055949,0
1016073105,0
1015183491,0
1014941177,0
1015030522,0
1015735282,0
1015238269,0
1015050462,0
1014790002,0
1016005889,17;6.1
1014947708,0
1015247070,0
1015705755,17;6.1
1015955543,0
1015307984,0
1015137934,0
1014854515,0
1015334566,0
1015999519,0
1015912625,0
1015867931,6.1
1015942899,5.1
1016111003,0
1016011051,0
1015954007,0
1016159878,0
1015636735,0
1014846213,0
1016136232,0
1016176326,0
1015567228,1.37.1
1015419966,0
1015317540,0
1015000143,0
1015030563,0
1016006402,0
1015881009,0
1015980040,0
1015156471,0
1016148237,0
1015585640,0
1015133843,13
1015280158,0
1015215104,0
1016031487,0
1016268729,0
1016010649,0
1015919202,0
1015786735,0
1015991823,6.1
1014996282,0
1015331555,0
1016058880,0
1015237065,0
1015713578,0
1014678781,0
1015716280,0
1015754560,0
1015236807,0
1016261232,0
1015576938,0
1015112581,0
1015383624,0
1015104960,0
1014839174,0
1015069698,0
1015730813,0
1015133838,0
1015859256,0
1015483895,0
1015008583,0
1015819593,0
1014855638,0
1015586743,0
1015155995,0
1016142273,0
1015907200,6.1
1015152500,0
1015414045,0
1014664482,0
1015768456,0
1015929687,0
1015795290,0
1015934086,0
1015704225,0
1015804633,0
1014741223,0
1015547723,0
1014836106,0
1014935989,0
1014697083,0
1014841095,0
1014767859,0
1015445510,0
1015252689,0
1016107101,0
1015030878,0
1015252490,0
1014932405,17
1015697159,6.1
1015188474,0
1016053362,0
1015155764,0
1015304064,0
1015618737,0
1016110770,0
1015036934,0
1016081802,0
1015290143,1.37.1
1016104670,0
1015544093,0
1015043639,0
1015083248,0
1015790997,0
1015750129,0
1015072780,0
1015091621,0
1015431991,13
1015381644,0
1014911821,0
1016221818,0
1015133577,0
1015663213,0
1015272510,0
1015333999,17
1015134635,0
1015701075,0
1015521033,0
1014680839,0
1016249681,0
1014830580,0
1014754193,0
1015818848,0
1015087555,0
1015675852,0
1014962105,0
1016001555,0
1014761421,0
1015934722,0
1015819160,0
1014810710,0
1015601203,0
1015521165,0
1015065444,0
1015719174,0
1015083871,6.1
1015756968,0
1015697871,0
1015363466,18.2
1016115666,0
1015991616,0
1015722020,0
1016272234,0
1016246618,0
1015459032,0
1016008641,0
1015791341,0
1015247416,0
1014853863,0
1015127798,14
1015742085,0
1014772374,0
1015333041,0
1016115725,0
1014676794,0
1014885601,0
1015269597,0
1015649534,0
1015314851,0
1016147899,0
1015054206,0
1015983872,0
1015130250,0
1015413688,0
1016010975,0
1015094098,6.1
1015082245,0
1016164312,0
1015054947,0
1015176407,0
1015008729,0
1015577617,0
1015946869,0
1015614281,0
1014798879,0
1016101755,0
1015708986,0
1015599766,0
1015083032,0
1015050188,0
1016157287,0
1015365449,0
1015697508,0
1015659636,0
1016154707,0
1015167763,0
1015312984,0
1016137854,17
1014930734,0
1015082452,0
1015773291,0
1016050512,6.1
1015796097,0
1014722779,0
1015048178,0
1016141494,0
1015130527,0
1014752274,0
1014713700,0
1015505989,0
1015001778,0
1015065146,0
1015105526,0
1015765010,0
1016251078,0
1015844141,0
1014935779,0
1015771217,6.1
1015055047,0
1015596848,0
1015694623,0
1015727062,0
1015879769,0
1015644078,0
1015124480,0
1015252686,0
1015589400,0
1015575494,0
1015407582,0
1015496911,0
1015331568,0
1015697637,0
1014920519,0
1015330381,0
1015825180,0
1015129564,0
1016083685,0
1016069716,0
1016137630,0
1014849980,0
1015194301,6.1
1015770975,6.1
1016055062,0
1015944962,0
1014979943,0
1015750270,0
1014739376,0
1016048371,0
1014685651,0
1015314405,0
1014673425,0
1015303213,0
1015995598,0
1015076739,6.1
1015740726,0
1015796288,0
1014971774,0
1016217470,0
1015264358,0
1014793364,0
1016053176,0
1015120901,0
1015989816,0
1015691456,0
1014709691,0
1016059432,0
1015997269,0
1015106995,0
1015996548,0
1016186748,0
1015009989,0
1014890668,0
1015679720,0
1014724342,0
1015311149,0
1014960637,17
1016044372,0
1014935938,0
1014906909,0
1015008149,0
1015198491,0
1015991884,0
1015663983,0
1015992236,17
1015613226,0
1015172570,0
1015804897,0
1015820419,0
1016083932,0
1015303455,0
1015995813,0
1014830038,0
1015138827,0
1014754140,0
1016110887,0
1016219050,0
1015759249,0
1014778625,0
1015008170,0
1016267189,0
1016084086,0
1014989900,0
1014803371,0
1015903754,0
1015158344,0
1015011920,0
1014703611,0
1016180250,0
1014684955,0
1015801247,0
1015625655,0
1015413433,0
1014655943,0
1016258083,0
1014708352,0
1015236897,0
1015516574,0
1015708910,0
1015893901,1.1;1.36.1;1.36.2;1.37.1
1015493676,0
1015716213,0
1015958408,0
1015247522,0
1015238722,0
1015586899,0
1015771826,0
1015677331,0
1015754522,0
1015047304,0
1014664187,0
1015076123,0
1015646240,0
1016035780,0
1015241866,0
1016104979,0
1015286487,0
1014833716,0
1015726679,0
1015779455,0
1014935650,0
1014875197,0
1015159851,0
1015099405,0
1016078409,0
1015272764,0
1014870955,0
1015642829,0
1015967891,0
1015545646,0
1015458044,0
1015330411,0
1015805449,0
1015091572,0
1014709057,0
1015846372,0
1015072469,0
1014895695,0
1016100656,0
1015050500,0
1016032241,0
1014900463,0
1014996332,0
1016227155,0
1015116400,0
1015359480,0
1015676706,0
1015366755,0
1014996904,6.2
1015274913,6.2
1015618875,6.1
1015624350,0
1014699238,0
1015619984,6.1
1015319126,0
1015771071,0
1015214185,0
1015348125,0
1014972279,0
1015697202,0
1015651432,0
1015764925,0
1015170576,0
1015558858,0
1015224173,0
1015756854,0
1015968666,0
1014663996,0
1014822148,0
1015551706,0
1014734089,0
1014829098,0
1015845442,0
1015252353,0
1015740306,0
1015083465,0
1015573142,0
1014940836,0
1015022101,0
1015980014,0
1015138290,0
1016113838,0
1015632954,0
1015662810,0
1015510171,0
1016109786,0
1015831503,0
1015938924,0
1015647979,0
1015804549,0
1015493901,0
1016126706,0
1015348149,0
1015655879,0
1014870316,0
1014891617,0
1016141871,0
1015172281,17
1016231024,0
1015705449,0
1015633927,0
1014841681,0
1016078579,0
1014764960,0
1014730098,0
1015157580,0
1015115885,0
1015153858,0
1015182687,0
1016176697,0
1014926052,0
1014914223,0
1015646429,0
1015471779,0
1016020920,0
1015930392,0
1015215087,2.4.3
1015004644,0
1015853504,0
1016186614,0
1014734375,0
1015954828,0
1015434138,14
1014811013,0
1014927045,0
1014742814,0
1014797811,0
1015404300,0
1014769359,0
1014680785,0
1015579753,0
1015918205,0
1016109701,0
1015110703,0
1014712313,0
1015827633,0
1015085727,0
1016213527,0
1015365459,0
1015480173,0
1014979945,0
1015054731,0
1015039136,0
1014977066,0
1015323324,0
1015475974,0
1015586340,0
1015770449,0
1015205813,0
1015573420,6.1
1015264103,0
1015041132,0
1014810472,0
1015791095,0
1014795210,0
1014686764,12
1015259309,0
1014830904,0
1015400586,0
1015548422,0
1014996000,0
1015090419,0
1016104823,0
1015823947,0
1015297000,0
1014936726,0
1015498027,0
1015294342,17
1015647440,0
1016274786,0
1015317033,6.1
1015642428,0
1015135132,0
1015756325,0
1016231059,0
1016083563,0
1015945057,0
1015264449,0
1015216313,0
1014681245,0
1015282044,0
1014728453,0
1015432078,0
1014930712,0
1015464342,0
1015390588,0
1015470484,0
1015175238,0
1015070176,0
1015625750,0
1016229792,0
1015333881,6.2
1016091310,0
1014913512,0
1015386893,0
1015290612,6.1
1015409570,0
1016032444,0
1016177075,0
1014762006,0
1016113523,0
1014739819,6.1
1015863044,0
1014925696,6.1
1016227183,0
1015334484,0
1015775741,0
1014729212,0
1016026069,0
1015341331,0
1016224390,0
1015265937,0
1014837811,0
1016070103,0
1016104275,0
1015774460,0
1014763370,0
1015641964,0
1014979657,0
1014688993,0
1016231280,0
1015080866,0
1015272482,0
1015651305,0
1015495729,0
1014965191,0
1014766408,0
1015883276,0
1015516318,0
1014651741,0
1015836131,0
1014784132,0
1015133873,0
1015520625,0
1015802433,0
1016231329,1.37.1
1014924527,0
1015601765,0
1014717557,0
1016248449,0
1015590603,0
1015268094,0
1016138126,0
1015477753,1.37.1
1015723432,0
1015865896,0
1016077628,0
1015697141,0
1014772460,0
1015038061,0
1016078848,0
1015288631,0
1015655666,0
1016006297,0
1015923483,0
1016018049,6.1
1016229617,0
1015265588,0
1014654984,0
1015852459,0
1016101897,0
1015334507,0
1014988911,0
1015171131,0
1015730592,0
1015038291,0
1015499035,0
1015908767,0
1015496917,0
1015291275,0
1015378713,0
1015947464,0
1016001401,0
1015191249,0
1014792679,0
1015746312,0
1014732242,0
1015323973,0
1015786392,0
1015935600,0
1014792700,0
1015115789,0
1016176149,0
1016002572,0
1015176158,0
1015112195,0
1015583563,0
1014812844,0
1015977804,0
1016043232,0
1015021758,0
1015214912,0
1015286817,0
1015727115,0
1015629285,0
1015633389,0
1016128468,6.1
1016069872,0
1015190623,0
1015637585,0
1014660373,0
1015750930,0
1014726992,0
1015913046,0
1014907167,0
1015613588,0
1015209901,22
1014849241,0
1014808057,0
1014840580,0
1014922057,0
1015113725,0
1015194138,0
1014845047,0
1014790850,0
1014669531,0
1016017470,0
1015194167,0
1015808657,0
1015754516,0
1016187708,0
1015775855,0
1015997622,0
1014905621,0
1014971943,6.2
1014879542,0
1015065985,0
1015432490,0
1015653608,0
1015179991,0
1014961053,0
1015323864,0
1016169915,0
1016225806,0
1015659564,0
1015801086,0
1015117079,17
1015633767,6.1
1015403262,0
1015236349,0
1016084279,0
1015800765,0
1015420231,0
1014884051,0
1015697206,0
1015241196,0
1015097937,0
1015604693,0
1016164417,0
1016138085,0
1014974938,0
1015400969,0
1015697909,0
1015142104,0
1014838997,0
1014874911,0
1015334599,0
1015183593,0
1016078207,0
1015996170,0
1016008723,0
1016243125,0
1015294595,0
1015175887,0
1015758997,0
1015096976,0
1014742268,0
1015661884,0
1015558106,0
1016115632,0
1015977217,0
1015183599,0
1015619526,0
1015237125,0
1015113128,0
1015803400,0
1015476642,0
1015204860,0
1015331449,0
1015075353,0
1015825494,0
1015134995,0
1015582749,0
1015559287,14;6.1
1014830213,0
1015585812,0
1015008423,0
1014732993,0
1015199909,6.1
1015590515,0
1015396016,0
1015663081,0
1015979551,0
1016169442,0
1015420011,0
1014776671,0
1015690126,0
1016149918,0
1015735257,0
1014940645,0
1015842098,0
1015375027,0
1014930015,0
1014690749,0
1014812991,0
1015365441,0
1015949568,0
1014772734,0
1015636885,5.1
1015823875,0
1015028402,6.1
1014675913,0
1015194203,0
1015215767,0
1015449197,0
1014836162,0
1015292525,0
1015152524,0
1014907321,0
1016021266,6.1
1016081860,0
1015419785,6.1
1015629237,0
1016006282,0
1015558868,0
1015030463,0
1015275486,0
1015156755,0
1014762528,0
1015402125,0
1015953581,0
1015629263,0
1015108921,0
1014916282,0
1015120802,0
1014990020,0
1014986033,0
1014753466,0
1014717561,0
1014698165,0
1015329449,0
1016036288,0
1015036446,0
1015399947,0
1014926709,0
1015883865,0
1015142250,0
1014916159,0
1015695095,0
1014837753,0
1014702481,0
1016106169,0
1014769575,0
1015396998,0
1014871008,0
1014711301,0
1015493234,0
1015934585,0
1014685316,0
1014834450,0
1015331659,0
1014912059,0
1016119974,0
1016069479,0
1015365176,0
1016248437,0
1015787688,0
1015359937,6.2
1015038224,0
1014659778,0
1014948867,0
1016024567,0
1016043119,0
1014791483,0
1016181756,0
1016158991,0
1015113484,0
1016055432,0
1016054238,0
1015883434,0
1014849937,0
1015962373,0
1015621863,0
1014985856,0
1015311882,0
1016016936,6.1
1015331984,0
1015808747,0
1014830609,0
1015566218,0
1015647929,0
1014876554,0
1016239813,0
1015420072,0
1015055014,0
1015642709,0
1015481002,0
1015897460,0
1016008456,0
1015177116,0
1015635612,0
1015331870,0
1015745778,6.1
1014889079,1.1;1.15;1.34.1;1.36;1.36.2;1.37.1;1.40.1;1.49.4;1.50;1.8.1.1
1016006344,0
1015022437,0
1015786937,0
1014807464,0
1015163925,0
1015434501,0
1015420205,0
1015613526,0
1015331509,0
1015183264,0
1015991727,0
1016122777,0
1015036051,0
1015365488,0
1015790730,0
1016186158,0
1015007834,0
1015600990,0
1014805220,0
1015590098,0
1016256429,0
1014797157,0
1016190303,0
1016158257,17
1014723653,0
1014929135,0
1015662905,0
1016011212,0
1015035904,0
1014960661,0
1015464882,0
1014819634,0
1014732601,0
1015114683,0
1015944956,0
1014674771,0
1016093108,6.2
1014811750,0
1015754659,0
1014996787,0
1015647897,0
1015908745,0
1015582623,0
1015663593,0
1015701667,0
1016099757,0
1015043454,0
1016141223,0
1015318006,6.2
1015119987,0
1015158755,0
1015413426,0
1015374812,0
1015637503,0
1015790785,0
1014805182,0
1015153713,0
1015841549,0
1015316984,0
1016162358,0
1015622353,0
1015042216,0
1015035088,0
1015348412,0
1016261988,0
1015194269,0
1015302781,17
1014916101,0
1016075300,0
1015596962,0
1015457892,6.1
1016006451,1.36
1014729348,0
1015138465,0
1016115053,0
1014682080,0
1014912255,17
1015044740,0
1015841919,0
1014711142,0
1014848491,0
1015011459,0
1015156973,0
1015902931,0
1015893271,0
1014711252,0
1014907047,0
1015995706,0
1015938648,0
1014664076,0
1015311169,0
1015949580,0
1014771247,0
1015591094,0
1015535806,0
1016030659,0
1016110304,0
1014826407,0
1015444313,0
1014767183,0
1015679348,0
1015398891,0
1015853137,0
1015255284,0
1015643367,0
1015113721,0
1015987691,0
1014691725,0
1014725925,0
1014676456,0
1014849643,0
1016093638,1.37.1
1015935952,0
1015130815,17
1015138464,6.1
1016059099,0
1015038275,0
1015182922,0
1015167832,0
1015341889,1.15;1.34.1
1015220393,0
1015105054,0
1014781162,0
1015632708,0
1015581122,0
1016137794,0
1015074448,0
1014936976,0
1015285423,6.2
1015091650,0
1016115699,0
1016091733,6.1
1015205959,0
1015276537,0
1015334316,0
1014965575,0
1014929333,0
1015167980,0
1015629461,0
1015813364,0
1014993507,0
1015190273,0
1015071369,0
1016194998,0
1015771308,0
1016089492,0
1015917911,0
1015723523,0
1015340826,0
1016132030,0
1016100371,0
1016164767,0
1014753267,0
1015998323,0
1015746030,1.37.1
1016100876,0
1016000763,0
1014977099,0
1016147934,0
1014789763,0
1016017765,0
1015133822,4.4
1016000392,0
1015090814,0
1015958867,0
1015157539,0
1016219266,0
1015637711,0
1015918672,0
1014907095,0
1015995700,0
1015804645,0
1015700498,0
1016052790,0
1015228179,0
1015046569,0
1014805398,0
1015281109,0
1014682225,0
1015194273,0
1015138736,0
1015323484,0
1015155153,0
1015323828,0
1015716772,0
1015786463,0
1014836816,0
1015676774,0
1016011094,17
1015126886,0
1015347767,0
1015105492,0
1015087813,0
1015286591,0
1015625102,0
1015774514,0
1015303926,0
1015590123,0
1014886328,0
1015586794,0
1014989454,0
1015247032,0
1015046767,0
1015356667,0
1015693376,0
1015790636,0
1014804955,0
1015641996,0
1015750352,0
1015919297,0
1016141920,0
1016176529,0
1015324372,0
1015430499,0
1014841388,0
1015405290,0
1015134776,0
1015418952,0
1015364967,0
1015480241,0
1014895546,0
1015085718,12
1015095237,0
1015896692,0
1015226014,0
1015183775,0
1016250619,0
1015087742,0
1014812132,0
1015663576,0
1015340541,0
1016126940,0
1015567437,0
1014687065,4.8
1015125727,0
1016227259,0
1015693135,0
1016067518,0
1015347615,0
1015167861,0
1015155917,0
1015497738,0
1016137942,0
1015141398,0
1014691645,0
1015178807,0
1014758949,0
1016214109,0
1015535977,0
1016101226,6.2
1016068586,6.1
1014757995,0
1015048091,6.1
1015335149,0
1015624585,0
1014879196,0
1015374309,0
1015436025,0
1015655835,0
1015022819,0
1014975648,0
1015051591,0
1015646571,0
1014664493,0
1015740738,0
1015653137,0
1014823900,0
1015502160,0
1015457936,0
1015289421,0
1014925518,0
1014926341,0
1015267032,0
1014809054,0
1015318125,0
1016111104,0
1016037184,0
1014891975,0
1014648570,0
1016058012,0
1015164438,0
1014942657,0
1015117126,0
1016084474,0
1015585927,1.37.1
1015574247,0
1015968850,6.1
1015941496,0
1014717416,0
1015790777,0
1015724094,0
1015138001,0
1014793315,0
1014729251,0
1016227731,0
1015054711,0
1016009899,0
1014856778,0
1014728588,0
1015387844,0
1015675659,0
1015750069,0
1015359141,0
1015696914,0
1015866603,0
1015309629,0
1015796188,6.1
1014906825,0
1015296335,0
1015696512,0
1015047443,0
1016234935,0
1015646209,0
1015238214,6.1
1015155716,0
1015968861,0
1015543911,0
1015849107,0
1015695155,0
1014986232,0
1015030022,0
1016070367,0
1015251718,0
1015085558,0
1016169815,0
1016191052,0
1015104556,0
1015118854,0
1014843849,14
1014770835,0
1014697485,0
1014849424,0
1014792528,0
1015002281,0
1014933718,0
1015471191,0
1015355981,0
1015662515,0
1015692708,0
1015632678,0
1014681247,0
1015557604,0
1016011418,0
1014670759,0
1015156665,0
1016111314,0
1014794101,0
1015663498,0
1015356170,0
1016229676,0
1015129368,0
1015331209,6.1
1015401492,0
1015934023,0
1014683559,0
1015360521,0
1015141723,0
1015646896,6.1
1015204942,0
1015628902,0
1014925193,0
1015460315,0
1016106728,6.1
1015524923,0
1015201739,0
1015075110,4.4
1015086527,0
1014716334,0
1014652621,0
1015791186,5.1
1016169719,0
1015265345,0
1015360502,0
1014790081,0
1016227171,0
1014866742,0
1015663969,0
1015559136,0
1016190900,0
1014734860,0
1014943441,0
1016059232,0
1015087090,0
1015548427,0
1015226718,0
1015637499,0
1014759153,0
1015129434,6.2
1015286555,0
1015716857,0
1014929942,0
1015566924,0
1014684786,0
1015812626,0
1015135162,0
1015090460,0
1014870261,0
1015022092,0
1015764939,6.1
1015087860,0
1016148262,0
1015138508,0
1015557148,0
1015995428,0
1015651743,0
1015759206,0
1015633993,0
1015609201,0
1014680242,0
1015744387,0
1015529790,0
1014726043,0
1015138056,0
1015263109,1.34.1;1.37.1
1016261330,0
1015935102,0
1014682191,0
1015307568,0
1016017196,0
1016251774,0
1015694929,0
1015614012,0
1015483186,0
1016200781,0
1015396909,0
1016169230,0
1015116499,17
1015523987,0
1016091228,0
1016106119,14
1015824297,0
1015960157,0
1016015723,0
1015183801,0
1014763973,0
1015396268,0
1014712167,0
1014678428,0
1015697228,0
1014728236,0
1015286956,0
1015917302,0
1015637575,0
1015051527,0
1014883803,6.1
1015636625,0
1015663571,0
1015705389,0
1015075559,1.14.2
1016022203,0
1015946405,0
1015785894,0
1015354966,0
1015864329,0
1015923336,0
1015426548,0
1014797127,0
1014912995,0
1014654934,0
1015254390,0
1014976889,0
1015323406,0
1015365484,0
1015291337,0
1015125440,0
1014755809,0
1015572981,0
1015968534,0
1015701332,0
1015205864,0
1015704159,0
1015577758,0
1015347386,0
1014930845,0
1014958488,0
1015690871,0
1015633907,0
1016230250,0
1016261865,1.40.1;1.49.4
1015282428,0
1014926194,0
1016079320,0
1014825863,0
1015373735,0
1015109130,0
1015633671,0
1014902588,0
1015248063,0
1014946509,0
1016111877,0
1014893790,0
1014927214,0
1015775131,0
1014837008,22
1015227731,0
1014664417,0
1014933624,0
1014835009,0
1015221946,0
1016001422,0
1014741064,0
1015038308,0
1015217301,13
1015601930,0
1015663233,0
1015623513,0
1014937291,0
1014979321,0
1015290907,0
1015879494,0
1016052860,0
1015758430,0
1016043357,0
1015341875,0
1015072442,0
1015401120,0
1015153759,0
1016133142,0
1015919200,0
1015580704,0
1015558774,0
1016106334,6.1
1015509123,0
1015175331,0
1016223510,0
1015646679,0
1016122927,0
1015650899,0
1015348567,0
1016027440,0
1014948105,0
1014767800,0
1015130606,0
1014824754,0
1014718118,0
1015643345,0
1014855615,0
1015805260,0
1015071072,0
1014678405,0
1014785476,0
1015417568,0
1015765057,0
1015427910,0
1015922200,0
1016182910,0
1015909690,0
1014907675,0
1015045416,0
1014950395,0
1016230854,6.1
1015923442,0
1016121159,0
1016149049,0
1016248336,0
1014867743,0
1015835599,0
1015434824,0
1015334665,6.1
1015812757,6.1
1015401147,0
1015646779,0
1015117202,0
1014984639,0
1015819532,0
1014865658,0
1016010573,0
1015091264,0
1014713774,0
1016256926,0
1014689127,0
1015091049,0
1016044117,0
1014765721,0
1015199034,0
1014870598,0
1015156736,0
1015191369,0
1015217713,0
1015554087,0
1015202460,0
1016104434,1.37.1
1015375999,0
1015238706,0
1015138870,17
1015804664,0
1015000263,0
1014989302,0
1015398769,0
1015746421,0
1014782465,0
1015217651,0
1014928787,0
1015082978,0
1015304030,0
1014660822,0
1016083916,0
1015879818,0
1015142515,0
1015805767,0
1015577915,0
1015446112,0
1015171982,0
1016091127,0
1016006161,0
1015549909,0
1015697981,0
1014670781,6.2
1014802419,0
1016036944,0
1015827860,0
1015623652,0
1015979230,0
1016165629,0
1015516218,0
1015684793,0
1015285279,0
1016225196,17
1016194865,0
1015958761,6.1
1015854041,0
1014671268,0
1014970946,0
1014874632,0
1014655647,0
1016229011,0
1015410353,0
1016195326,0
1016056993,6.1
1016235163,0
1015210864,0
1015183743,0
1015978620,0
1015553572,0
1015982839,0
1015413894,0
1016105326,0
1015240532,0
1015476131,0
1015139131,6.1
1015172531,0
1014974757,0
1015267365,0
1015113227,17
1015893864,0
1015754583,0
1015051804,0
1014872849,0
1015124738,0
1015138571,0
1015978061,0
1016025421,0
1015682910,0
1016146715,0
1016015570,0
1016186592,0
1014837099,0
1015029867,0
1015238790,0
1014926140,0
1015774521,0
1016200150,0
1015109316,0
1016158227,0
1014695572,0
1016036610,0
1014994528,0
1014767855,0
1016141316,0
1015347402,0
1015157109,0
1016092388,15
1015759852,0
1015238756,0
1015202332,0
1015675689,6.1
1016115993,0
1015609161,0
1016221269,0
1015413453,0
1015497129,6.1
1014688590,0
1015825294,0
1014782583,0
1015709632,0
1015675403,0
1015422507,0
1015577843,0
1015935647,0
1015624948,0
1016033441,0
1016257934,6.1
1015120987,0
1015116946,0
1015460919,0
1015142538,0
1016150775,0
1014741149,0
1015396354,0
1016219487,0
1014830460,0
1014865319,0
1015001061,0
1015585064,0
1015290634,0
1015991929,6.1
1015893984,0
1016010548,0
1014981556,0
1014943069,0
1015604534,0
1015808650,0
1015135157,0
1014725431,0
1015112462,0
1015341855,0
1016241625,6.1
1015651639,0
1015087058,0
1016227064,0
1015431855,0
1015775823,0
1015155731,0
1014861152,0
1015210134,0
1014758302,0
1016024459,0
1015915241,6.1
1015042214,6.1
1015091656,0
1015252457,0
1014946885,0
1015558910,0
1015801343,0
1015341299,0
1016248125,0
1015762920,0
1015765208,0
1014972549,0
1016192068,0
1015269333,0
1015347703,0
1014930903,0
1015008856,0
1016248631,0
1014840680,0
1015074720,0
1014703430,0
1015842380,0
1015555094,6.1
1014753719,0
1015621654,0
1015805719,0
1016176298,0
1015302463,0
1014746373,0
1014948739,1.37.1
1016006286,14
1014896471,0
1015577145,0
1015070959,0
1015239816,0
1015216742,0
1016223862,17
1015118803,0
1015889817,5.1
1015280984,0
1015955473,0
1016069138,0
1014926397,0
1015034816,0
1014850020,0
1016248892,0
1015577384,0
1015309781,6.2
1015550317,0
1015992182,0
1015164590,0
1015315002,0
1015642671,0
1016074921,0
1014697185,0
1015506011,0
1015087529,0
1015065371,0
1016231722,17;6.1
1015360610,0
1015791175,5.1
1015237933,1.37.1
1016049283,0
1014761508,0
1016169778,0
1014952208,0
1015152757,0
1015935296,0
1015686268,0
1015631817,0
1016109992,0
1014690707,12;9
1014681179,0
1014933567,0
1016240530,0
1015605987,0
1015805245,0
1014825969,0
1015179817,0
1016162184,0
1016109621,0
1015600495,0
1014830338,0
1015041207,6.2
1014722700,0
1016240880,0
1015935539,0
1015824213,0
1015005188,12
1014849741,0
1015138888,17;6.1
1015893658,0
1015773436,0
1015307665,0
1016016612,14
1016159283,0
1015945212,0
1015202045,0
1014746166,0
1015183322,0
1016242790,0
1016024720,0
1015778679,0
1016069434,0
1015113014,5.1
1015172443,0
1015697317,0
1016009124,0
1015696674,0
1016043713,0
1014927189,0
1014698803,6.1
1015423725,0
1015364833,0
1014838698,0
1014771383,0
1014976317,0
1015297514,0
1015268511,0
1015403314,0
1015654409,0
1014830251,0
1015717581,0
1015056151,0
1014743260,0
1014752914,0
1015897285,0
1014985894,0
1014803551,18.1
1015198829,0
1015327375,0
1015157124,1.37.1
1015040919,0
1014701306,0
1015577819,0
1014645151,0
1015227669,0
1015363401,0
1015929609,0
1015056860,0
1015819582,0
1015655059,0
1015705937,0
1015464672,0
1015754959,0
1016030004,0
1016001568,0
1015224723,0
1015218376,0
1014805417,17
1015627612,0
1014991947,0
1015604985,0
1015286309,0
1015342502,0
1016240157,0
1016085701,0
1016225747,6.1
1014756329,0
1015478601,17
1015092918,0
1015572899,0
1015105319,0
1015176419,0
1015334765,0
1016045350,0
1016248474,17
1016121717,0
1016256608,0
1015348079,6.2
1014671016,0
1016004686,0
1015237079,0
1015007034,0
1015848391,0
1014890272,0
1016192727,0
1015715157,0
1015962343,0
1015386924,0
1015717575,0
1015288670,0
1014983974,0
1015740677,0
1015034448,0
1015081473,0
1016224219,0
1015929459,0
1015879857,0
1014880327,0
1015693083,0
1014841657,0
1016147706,0
1015590556,6.1
1015935276,0
1016032153,0
1016249809,0
1015676588,0
1014849819,6.1
1015019107,0
1014999736,0
1015099347,0
1015210063,0
1015733945,0
1015111251,0
1016227143,17
1014699553,0
1015746656,0
1014985826,0
1015457441,0
1015183736,0
1015327931,0
1016261379,0
1016242913,0
1015651283,6.1
1015706015,0
1014664514,0
1015823952,0
1015996604,0
1015765037,0
1015131011,0
1014808397,0
1014976541,0
1015969225,0
1015520610,0
1015422717,0
1015158386,0
1014884779,0
1015958948,0
1015881050,0
1016188367,0
1015423749,0
1015591184,0
1015615246,0
1014866590,0
1015082430,0
1015909616,0
1015573845,0
1016033249,0
1014972709,0
1015382985,0
1015501847,0
1015282165,0
1014866974,0
1015254679,0
1016001562,0
1016068996,0
1014885690,0
1015651254,0
1015692751,0
1014971782,0
1015470781,0
1015696413,0
1015000629,0
1015646749,0
1015405943,0
1015004017,0
1015520859,0
1015891948,0
1014937340,0
1015621332,0
1015944585,6.1
1015573192,0
1016016412,0
1015825863,1.37.1
1014798870,17
1016176898,0
1015035727,0
1014767783,0
1014864340,0
1015040697,0
1015054623,0
1014688544,0
1015346693,0
1015280597,0
1014709898,0
1015835524,0
1014952803,0
1016165604,0
1015577415,0
1016252420,0
1014867733,6.1
1016227144,0
1014709197,0
1015659800,0
1016214355,0
1015691645,0
1016231701,17
1016079045,0
1015699952,0
1015474154,0
1014874825,0
1015096666,0
1015105352,0
1015929851,0
1015176337,0
1015125752,0
1015923331,0
1015831893,0
1015153196,0
1014872985,0
1015599212,0
1015684324,0
1015510071,0
1015365356,0
1015180521,0
1015361199,0
1016235233,0
1014651893,0
1015075260,0
1015030832,0
1016089775,0
1015395246,0
1014985914,0
1015741537,0
1016037254,14
1015595942,0
1015402052,0
1015909406,0
1015835483,0
1016231495,17
1015836927,0
1015090733,0
1015120561,14
1016169775,0
1015744560,0
1015276881,0
1015880468,0
1015182505,0
1014981275,0
1015936981,0
1014807534,0
1015851223,0
1016094316,14
1015365516,0
1016213398,0
1014937170,0
1014676388,0
1016074526,0
1014824948,0
1014918841,0
1015029485,0
1015979705,0
1015991791,6.1
1016107082,6.1
1015008814,0
1015702292,0
1015043704,6.1
1014652049,0
1015252463,0
1015864461,0
1015236477,0
1016024968,0
1015087179,0
1016234841,0
1015334834,0
1014985950,0
1014803258,0
1014699635,0
1016032364,0
1015791544,0
1015983916,0
1015008793,0
1015685455,0
1015126733,0
1016194959,0
1015428018,0
1014874839,1.37.1
1015347981,0
1016186918,0
1015304123,0
1014752282,0
1015157546,0
1015104873,0
1015628452,0
1014996094,0
1016243147,0
1014792781,0
1014925064,0
1015750131,0
1016089297,0
1015908453,0
1016242820,6.1
1014753895,0
1014709917,0
1015080899,6.1
1014894774,0
1014970702,0
1015989224,0
1014704699,0
1015422129,0
1015372424,0
1015405423,0
1015557495,15
1015043645,6.1
1015731239,0
1015991352,0
1014911705,0
1014796679,0
1015364606,0
1014995830,0
1015604418,0
1016256521,0
1015824381,0
1015896469,0
1015072658,0
1015763189,0
1014753988,0
1015202016,6.1
1015191313,0
1016232819,0
1015236956,17
1016026346,0
1015363115,0
1015624270,0
1016043279,0
1015779994,0
1015729240,0
1015487514,0
1015113419,0
1016121035,0
1014906819,0
1015806123,0
1016111189,0
1015471142,0
1014869494,13;6.1
1015142764,0
1015930838,0
1016200323,0
1015386207,0
1014741433,0
1014920755,0
1014807872,0
1015264966,6.1
1016186958,0
1015241629,0
1016169600,0
1014730222,0
1014659122,0
1015334277,0
1015000149,0
1015486039,6.1
1015601926,0
1015534807,1.37.1
1014709944,0
1015901872,0
1016036909,6.2
1014938052,0
1015771323,0
1015782775,0
1015176505,0
1016250613,0
1015581071,0
1015105196,0
1014901442,0
1015796773,0
1015328360,0
1014907517,0
1015054867,0
1015138638,0
1015959325,0
1016132294,0
1015729168,0
1015227107,0
1014724626,0
1016262425,0
1014935908,0
1015288137,0
1014770665,0
1015664041,0
1016062710,0
1015819379,0
1015927764,0
1015935363,0
1015202256,0
1016272728,0
1016141164,0
1014758125,0
1015130795,0
1014670044,0
1016113767,0
1014857043,0
1014798850,0
1015096869,0
1014683967,0
1015137871,0
1015411596,0
1016132613,17
1014942540,0
1015399851,0
1016099488,0
1014711728,0
1015917251,18.1;18.2
1016100983,6.1
1014965216,0
1016185337,0
1015819396,0
1014868372,0
1014961861,0
1015643607,0
1016102317,0
1014903687,0
1015126595,17
1016069065,0
1015685568,0
1014920468,0
1015381793,0
1015178023,0
1015211719,0
1015334988,0
1015410139,0
1014673521,0
1015596054,0
1015756824,0
1016053384,0
1015588108,0
1014961499,0
1015191275,0
1014651919,0
1015209823,0
1015113433,0
1015271277,0
1015175762,0
1014975545,0
1016195138,0
1015133872,0
1015330270,0
1016261414,0
1014826312,0
1015585624,0
1015492986,0
1016079131,6.2
1015105014,0
1015164286,0
1014896100,0
1016011274,0
1015935976,0
1015342238,6.1
1015328301,0
1015557759,0
1016221125,0
1014826235,0
1015808241,0
1015226754,0
1015175537,0
1015180461,6.1
1016006071,0
1015354759,1.37.1;5.1
1015719909,0
1014759143,0
1016084125,0
1015107510,0
1015276441,0
1016036467,0
1014933616,0
1015115492,0
1015375640,0
1015978263,0
1014890386,0
1015979948,0
1015310750,0
1015113352,0
1015035909,0
1016074830,0
1014863002,0
1015003716,0
1015843297,0
1015960207,0
1015923539,0
1015659730,0
1016153896,0
1014845224,6.1
1014802079,0
1015238033,0
1015006978,0
1015988736,0
1014837016,13
1015412653,0
1015432307,0
1014746235,0
1016091635,0
1014839708,0
1014703333,0
1015055564,6.1
1016053057,0
1015090045,0
1015765355,0
1015741194,0
1014824862,0
1015331472,0
1015056842,6.1
1016215971,0
1015663451,0
1015289027,0
1015286107,0
1016071805,0
1016231579,0
1014862649,17
1015686187,0
1015025985,0
1014984885,0
1015065453,0
1015076318,0
1014781478,0
1015741064,0
1015608156,6.1
1015365363,0
1015223224,0
1015716115,0
1016181702,0
1016051693,0
1015341936,0
1015334993,0
1015083904,0
1015054398,0
1015827705,0
1014709911,0
1015676504,0
1015171970,0
1014959134,0
1015125248,0
1016072850,0
1016225572,6.1
1015576511,0
1016008859,0
1014757919,0
1015387022,0
1015585951,0
1015217628,0
1015236961,0
1015550654,0
1015214787,0
1016230901,0
1016235427,0
1015323648,0
1015082940,0
1016186837,0
1015073775,0
1015181289,0
1015601313,0
1015175272,0
1016046259,0
1015428094,0
1015632241,0
1015939567,0
1015624943,0
1014918124,0
1014891815,0
1016082047,0
1015341854,0
1015577321,0
1016272612,0
1015323233,0
1014805870,0
1016133006,17
1015545542,0
1014659880,0
1015116653,0
1015923231,6.2
1015824479,0
1014643943,0
1016017266,0
1015797893,0
1016048924,17
1015282009,0
1014655848,6.1
1015404875,0
1015311518,0
1014862310,0
1015406192,0
1014904646,0
1015075421,0
1015601552,0
1015190255,0
1014930339,0
1015480886,0
1016101834,0
1016016309,0
1014825165,0
1015138486,6.1
1015091671,0
1015004792,0
1014868550,0
1015651908,0
1015198631,0
1015319010,0
1015625313,0
1014947022,0
1015202300,0
1014987857,0
1015596624,0
1014912205,0
1015194107,6.1
1014855342,0
1015406115,0
1015011306,0
1015786857,0
1015651237,0
1015406238,1.8.1.1
1015056853,0
1015083754,0
1015354690,0
1015782949,0
1015746246,0
1015955184,0
1016035035,0
1014930244,0
1016159604,0
1015957629,0
1014742529,0
1015152874,0
1015746613,0
1016010629,0
1015281140,0
1016218890,0
1016274471,0
1015248364,0
1015176495,0
1015050097,0
1015252341,0
1015633607,0
1016182190,0
1015880544,0
1015848453,0
1015117020,0
1015341720,0
1016046132,0
1016110342,0
1014776589,0
1015317483,0
1015156802,0
1015323161,0
1014920793,0
1016056081,0
1014950878,0
1015801946,0
1015333518,0
1015030377,0
1015176402,0
1016003920,0
1015797307,0
1015801510,0
1015215270,0
1015108876,0
1014999645,0
1015655471,0
1015157181,0
1016234679,0
1016011126,0
1015116582,17;6.1
1015675741,0
1014845525,0
1016229296,0
1015828025,0
1016089719,0
1015255119,0
1015030714,0
1014920795,0
1016230652,0
1015804764,0
1014709843,0
1015825789,0
1016138003,0
1015992072,0
1015646792,0
1016269930,14
1014806480,0
1015238349,0
1015085630,0
1015695030,0
1015654813,0
1015982925,0
1015694404,0
1015021310,0
1015261696,0
1015373456,0
1015216692,0
1016025458,0
1015031528,0
1015238547,0
1014992188,0
1016009092,0
1015008200,0
1014864205,0
1015628170,0
1016073865,0
1015858879,0
1016158628,0
1015761032,0
1015391214,0
1016130754,0
1015180428,0
1015422409,0
1015202340,0
1014754135,0
1015602105,0
1015271404,0
1015746885,0
1015682013,6.2
1014855461,0
1016169473,0
1015530229,0
1015457622,0
1015662298,0
1014841054,0
1015824461,0
1014977179,0
1015696995,0
1014763285,0
1015810077,0
1015005035,0
1014678430,0
1014856920,17
1015930628,0
1015264921,0
1014731309,0
1015054531,0
1015897056,0
1015662955,0
1015196168,0
1014919191,0
1015645998,0
1015153388,0
1015916702,0
1014984830,0
1014698394,0
1014651959,0
1014724903,0
1015127721,14
1015341310,0
1016016573,0
1015274573,0
1015612589,0
1015284384,0
1015996283,0
1016062013,0
1014758595,0
1016078911,0
1014887235,0
1015990018,0
1016100225,15;6.2
1015826531,0
1015918466,0
1015268233,0
1014972078,0
1015717802,0
1015019488,6.1
1015048570,0
1015824344,0
1014675128,0
1016224829,0
1015117110,0
1014675342,0
1015286013,0
1015572603,0
1015836462,0
1014850004,0
1014862214,0
1015585493,0
1016081823,0
1015842024,0
1016050073,0
1015410179,0
1014717083,0
1015317625,0
1015629657,0
1015304183,0
1016251138,0
1015285181,0
1016054856,0
1016257553,0
1015163417,0
1016141420,0
1015341878,0
1016071187,0
1015413000,6.2
1015194652,0
1015119544,0
1016016979,0
1015819443,0
1015500136,0
1015959944,0
1016230230,0
1014791315,0
1015403892,0
1015508810,0
1015043584,0
1015659616,0
1015386161,0
1014903354,0
1014824983,6.2
1015779531,0
1015135193,0
1016060573,0
1014943398,0
1015893128,0
1016246172,0
1014998442,0
1016246509,0
1015247790,0
1015570751,0
1015428076,0
1016099958,0
1016083627,0
1015771288,0
1014809089,0
1015309870,0
1015786531,6.2
1015547075,0
1015692589,0
1015928982,0
1014671235,0
1015795926,0
1014803597,0
1014726039,0
1015675341,0
1015125273,0
1014933425,0
1015825543,6.2
1015191082,0
1014676557,0
1015647338,0
1015402118,0
1015157502,0
1016214686,0
1015906616,0
1016000841,0
1014958241,0
1014830279,0
1015959729,0
1015039896,0
1015643199,0
1015508815,0
1014925369,0
1014930216,0
1015726534,0
1014926906,1.37.1
1015005272,0
1015646518,0
1015460705,0
1014926340,0
1015918701,0
1014970230,0
1015164307,0
1015317170,0
1016001633,0
1015087767,0
1016105112,0
1015646517,0
1016093214,0
1015098897,0
1015718846,0
1016050665,0
1014787550,0
1015217027,0
1016054030,0
1015614010,0
1015842278,0
1015978266,14
1015423641,0
1015851357,0
1014808665,0
1015334496,0
1015130283,0
1014727522,0
1015113322,0
1015912972,0
1015746900,6.1
1015550269,0
1016164515,0
1015790253,0
1014972938,0
1014725884,0
1015662912,0
1015282108,0
1016271254,0
1015879863,0
1014896701,0
1016078350,6.1
1016003057,0
1014926470,0
1016059727,0
1015508133,0
1015695975,0
1016184799,0
1014689772,0
1014732071,0
1015201561,0
1015692108,0
1015824720,0
1016044588,0
1014691758,0
1015590249,0
1015735969,0
1015933895,0
1014746325,0
1015889576,0
1014933570,0
1015190879,6.1
1015939042,4.4
1015471027,0
1015046952,0
1015845705,0
1015142391,0
1014734356,0
1015591058,0
1015378577,0
1014904708,0
1016044388,0
1014926459,0
1015604823,0
1015659828,0
1016058723,0
1014880343,0
1015365513,0
1016101631,0
1015153065,0
1015294071,0
1015676739,0
1016148795,0
1015996044,0
1015774282,0
1016105251,2.4.3
1016081463,0
1015516400,0
1015510027,0
1015071967,0
1015771381,0
1014670988,0
1015235740,14
1015400887,0
1015189545,0
1015557046,0
1014849867,0
1014844724,0
1015582765,0
1014811482,0
1016147936,0
1015987962,5.1
1015446545,0
1014994895,0
1015427559,0
1014907496,0
1015696643,0
1015694869,0
1015365455,0
1014743009,0
1015411130,0
1015818880,0
1015092587,6.1
1016148625,0
1015051210,0
1014920453,0
1015765100,0
1014855732,0
1016246410,0
1015848585,0
1015613979,0
1014830417,0
1015483920,6.1
1016005945,0
1015858367,0
1015461196,17
1015163835,0
1015632534,0
1014916658,0
1016005440,0
1015620830,6.1
1015848242,0
1015031533,0
1014933748,0
1015796607,0
1015601843,0
1015954854,0
1016021658,6.1
1015317599,0
1014769014,0
1015824477,0
1016009794,6.1
1015405460,0
1015509042,0
1015546744,5.1;6.1
1016093604,0
1014745731,0
1015581274,0
1015708346,0
1015026870,0
1015172516,0
1015770924,0
1015573172,0
1016081842,0
1014767831,0
1014704667,0
1014745387,0
1014830015,0
1016221647,17
1016227246,0
1014865446,0
1015851149,0
1015212050,0
1015938754,0
1015035748,0
1015446510,0
1014873850,0
1015608841,0
1015309428,0
1015426561,0
1015091127,0
1016114406,0
1014803815,0
1015809562,0
1014866887,6.2
1015205690,0
1015922285,0
1015164619,0
1015324568,0
1015091293,0
1015204246,0
1015729024,0
1014681246,0
1016051597,0
1015134823,0
1016052457,0
1015610057,0
1015651694,0
1015707970,6.1
1015355790,0
1016030709,0
1014822192,0
1015674497,0
1015390295,0
1015497668,1.36.2;1.37.1
1015889514,0
1016037399,0
1016217648,0
1014767801,0
1015803989,0
1015431657,0
1015773325,0
1015633566,0
1016231460,0
1016044572,0
1014935617,0
1015922458,0
1015198071,0
1015292961,0
1015916820,6.1
1016022121,6.1
1015449326,0
1015529570,0
1014866677,0
1015164275,0
1015396647,0
1014869814,0
1015949006,0
1014794011,0
1015113053,0
1015499669,0
1015043377,0
1015142450,0
1016055025,0
1015731563,0
1014670364,0
1015172195,6.1
1016225072,1.24;1.37.1;17
1015866300,0
1015003816,0
1015103356,0
1015637484,0
1016200942,0
1015865546,0
1016098591,0
1015130750,0
1015651681,14
1015983322,0
1015126574,0
1015181086,0
1016189966,0
1015348037,0
1015919278,0
1015991738,0
1016070094,0
1015989133,0
1015550074,0
1015824702,0
1015913270,0
1014726011,0
1015446272,0
1016044208,0
1015266830,0
1016259872,0
1014801917,0
1015655427,0
1016017093,0
1016106812,0
1015334981,0
1015304113,0
1015115097,0
1016077808,0
1014807744,0
1015746638,0
1015572358,0
1015535083,0
1015431650,0
1015091408,0
1015756154,0
1015387947,0
1016158773,0
1015198546,0
1015955429,0
1016068365,0
1015050496,0
1015405725,0
1014798751,0
1015251841,0
1015046949,0
1014886089,0
1014833687,0
1015288589,0
1014754002,0
1015691908,0
1015197945,6.2
1015574264,0
1014933480,0
1015317641,0
1015859153,0
1015909718,0
1015765004,0
1016232608,0
1016248158,0
1014927152,0
1015023934,0
1014663900,0
1015105177,0
1016220105,0
1015084255,0
1015041126,0
1015271408,0
1014850074,0
1015183532,0
1015725465,0
1015759275,0
1014697707,0
1014947014,0
1015573843,0
1014716968,0
1015470163,0
1015125495,0
1015153020,0
1014786809,0
1015575663,0
1015586611,0
1015324763,0
1016081862,0
1015126179,0
1015086117,0
1016052540,0
1015410393,0
1016210170,5.1;6.1
1015883534,18.1;18.2
1015847157,0
1015156888,6.1
1015086546,0
1015109424,0
1015252449,0
1014651936,0
1015113058,17;6.1
1014809041,0
1014741110,0
1016068292,0
1014785847,0
1015904701,0
1015779492,0
1016016973,0
1015675834,0
1015958842,0
1015641935,0
1014743312,0
1015818251,0
1014809196,0
1014997258,0
1014786593,0
1015692695,0
1015432296,0
1015641757,0
1015087524,0
1015364558,0
1015286057,0
1015944706,0
1016225041,0
1015621887,0
1015303674,0
1015019846,1.37.1
1015022872,0
1015312605,6.2
1015179486,0
1014829477,0
1015000583,0
1016189819,0
1014705375,0
1014969860,0
1015692462,0
1016259184,17
1015331829,0
1015290830,0
1015224918,0
1014973456,0
1015645246,0
1015573245,0
1014916344,0
1014758243,0
1016017728,0
1015318361,0
1015009802,0
1015573586,0
1015651805,0
1014805494,0
1016232505,0
1014940377,6.2
1015515882,0
1014676655,0
1014904521,0
1016242905,0
1015055707,0
1015213804,0
1014845390,0
1015786032,0
1015978303,0
1015168010,0
1015311076,0
1014915943,0
1015460599,0
1014783964,0
1015133856,0
1014741250,0
1015825588,0
1014926478,0
1015216813,0
1014683278,0
1014712674,0
1015588700,0
1016275050,0
1014975746,0
1014701345,0
1015606149,0
1016241523,0
1015636271,0
1014947955,0
1015190488,0
1015227915,0
1015202279,0
1015205988,0
1015198041,0
1015113335,17
1014855369,0
1014723136,0
1014793599,0
1014655743,6.2
1016169177,0
1015201882,0
1015608991,0
1015095980,0
1015812827,0
1016072733,0
1015684403,0
1015842438,0
1015923514,0
1015116870,0
1015086569,0
1015455554,0
1015636149,6.1
1015675236,0
1014862869,0
1016043893,0
1015881033,0
1016258451,6.1
1015682253,0
1015808849,0
1016049644,0
1015751503,0
1014943727,0
1015633716,0
1015307674,0
1015533345,0
1014919034,1.37.1
1014962234,0
1014883849,0
1014863497,0
1015326676,0
1014790962,0
1014702810,0
1016150503,0
1016248272,0
1014655161,0
1015210726,0
1014829396,0
1016258492,0
1015102658,0
1015717615,0
1015030444,0
1014785966,0
1015220182,14
1015742330,0
1015183385,0
1015086574,0
1015054641,0
1014763618,0
1015251767,0
1015741318,0
1015632454,0
1015011810,0
1015361557,0
1015479310,0
1015328246,0
1014940700,0
1014763981,0
1014837963,0
1014688766,0
1016241696,0
1016242757,0
1015577811,0
1015525913,0
1015858806,0
1015730335,0
1015948679,6.1
1015427143,0
1015810319,0
1016093251,0
1016089056,0
1015577877,0
1015585745,0
1015851041,0
1016037434,0
1015928854,0
1015935553,0
1015948158,0
1015176375,0
1015051926,0
1015084269,0
1015775922,0
1015903396,0
1015802456,14
1015740995,0
1015746860,1.37.1
1016078274,0
1015050770,0
1015889495,0
1015774075,0
1014653620,0
1015072798,0
1015449370,0
1016122646,0
1014658694,0
1014691427,0
1014669556,0
1014935817,0
1015138534,0
1014756929,0
1015355821,0
1015094788,0
1015520939,0
1015604597,0
1015342343,0
1015949561,0
1015591109,0
1015087875,0
1015404650,0
1015780040,0
1015754470,0
1015558503,0
1016258162,0
1014835716,0
1014810517,0
1014939416,0
1015621393,6.2
1016134278,0
1015770530,0
1015680453,0
1015889771,0
1015119623,0
1015995881,0
1014759397,0
1015795960,0
1015805746,0
1015525965,0
1016217888,0
1015375285,0
1015948589,0
1014891258,0
1015916077,0
1014770673,0
1014837173,0
1014697220,0
1015572119,0
1015164665,0
1015589239,0
1014704602,0
1014712023,0
1014962445,0
1015571696,0
1015297693,0
1014657952,0
1015341076,0
1014979907,0
1014870675,0
1016212986,0
1016083813,0
1016032191,0
1015662218,0
1015764958,0
1016017630,0
1014861009,0
1016081747,6.1
1015072662,13
1014709627,0
1015419822,0
1014741475,0
1014827204,0
1015341251,0
1016186183,0
1015629548,0
1016000887,6.1
1015461303,0
1015992199,0
1015226485,0
1015043756,0
1015742092,0
1016259002,0
1015179101,0
1014645639,0
1015935860,0
1015445011,0
1016070215,0
1016000528,6.1
1015567347,0
1016070842,0
1015525438,0
1014866710,6.1
1015800979,6.1
1016105312,0
1016020954,0
1015416970,0
1015305252,0
1015480717,0
1015118074,6.1
1014900436,0
1014681573,0
1015306166,0
1014664765,0
1015116138,0
1015410313,6.1
1016136496,0
1015880691,0
1015024186,0
1015694724,0
1015087309,6.1
1015334524,6.1
1015084219,0
1015401007,0
1015378767,0
1014885871,0
1015310666,0
1015036127,0
1014705463,0
1015822690,0
1015368196,0
1015000838,0
1016016899,0
1014926378,6.1
1015851047,0
1014787222,0
1016058655,0
1015120850,5.1
1015133889,0
1014761444,0
1015084327,1.37.1
1015330916,0
1016054485,6.1
1015944707,0
1015288116,0
1015387534,0
1015413689,0
1016187695,0
1015026904,0
1014803577,0
1015858620,0
1016001697,6.1
1016036244,0
1015083464,0
1014792895,0
1015686751,0
1015047733,0
1014806531,0
1015349043,0
1015818455,0
1015605747,6.1
1016273650,0
1014681700,0
1016091376,0
1015685185,0
1015120903,0
1015796342,0
1015133545,0
1015997023,0
1015675321,0
1015577875,0
1015191811,0
1015090518,0
1015194952,0
1015546333,0
1015226983,0
1015929627,0
1014763222,1.27
1015303827,1.37.1
1015182025,0
1014886298,0
1015167497,0
1015566947,0
1016227251,0
1015043451,0
1014965380,0
1015307411,0
1015509733,0
1015702032,0
1015084203,0
1014797611,0
1015433900,0
1015406036,0
1015379586,0
1015176554,0
1016158178,0
1016164053,0
1015893209,0
1016078138,0
1015011508,0
1015198716,0
1015705562,0
1015697467,0
1014912934,0
1014937437,0
1015991590,12
1015629992,0
1014879457,0
1014723300,0
1016192736,0
1016131739,0
1015508064,0
1015779558,0
1015934665,0
1014778541,0
1016134096,0
1015545358,0
1015284956,0
1014911862,0
1016069612,0
1016084227,0
1015126300,0
1015945011,0
1015524903,0
1015172585,0
1015651774,0
1015944919,0
1015024699,0
1015796225,0
1015098118,0
1014828495,0
1014793303,0
1015625761,6.1
1015642382,0
1015945096,0
1015427850,14
1014907556,0
1015167796,0
1014779000,0
1014830591,0
1014764801,0
1015002598,0
1016110099,0
1015265736,0
1014933601,0
1015475711,0
1015135053,0
1015365491,0
1015473096,0
1015896804,0
1016242639,0
1015255599,0
1015764956,0
1015825852,0
1015009235,0
1014805091,0
1014802284,0
1014765688,0
1014887136,0
1015789806,0
1015235354,0
1015170851,0
1015572769,0
1014767194,0
1015559043,0
1014681046,0
1016192357,0
1016003894,0
1016074241,0
1015498935,0
1015589804,6.1
1015011911,0
1016154470,17
1016131657,0
1015501368,0
1015176367,0
1016107090,0
1015549897,0
1015365371,0
1015241711,0
1014937071,0
1015280654,0
1015604637,0
1014779240,0
1015997298,0
1015281377,0
1015548452,0
1015651374,6.1
1016186839,0
1016165002,0
1016233716,0
1014926616,0
1015422219,0
1016070719,0
1014867024,0
1014841370,0
1015457985,0
1016190013,0
1016268607,0
1015612467,0
1015939710,0
1016056076,0
1015286642,0
1014969473,0
1014802249,0
1015120818,0
1015940199,6.1
1015824654,0
1015508421,0
1015836274,0
1015088407,0
1015227093,0
1015624485,0
1015347752,0
1016018014,0
1014989020,0
1015117904,0
1015074085,14
1014933473,0
1015749676,0
1016104386,0
1015853279,0
1016056020,0
1016162556,0
1016190435,0
1015422525,0
1015524702,0
1014841571,0
1015586482,0
1015426444,0
1015179426,0
1015884328,0
1015179779,0
1016037177,0
1015508997,0
1016231645,0
1014664124,0
1016182554,0
1014943554,0
1016242142,0
1015204695,0
1014926232,0
1014863936,0
1015697531,0
1015470533,0
1015427960,0
1014779783,0
1015087301,0
1015170511,0
1015697109,0
1016070505,0
1014845550,0
1015831993,0
1015253716,0
1015167791,0
1015091734,0
1015086819,0
1016020453,0
1015676178,0
1015636567,0
1015236815,1.36.2;1.37.1
1015623466,0
1016147597,0
1015622198,0
1016248622,0
1014977090,0
1015043688,6.1
1016084704,0
1016021476,0
1015685449,0
1015265692,0
1016230110,0
1015935745,0
1014951786,0
1016090279,0
1016104891,0
1016240519,0
1015531379,0
1015051196,0
1015655547,0
1015775330,0
1016138494,0
1016200494,0
1014836408,0
1015558968,0
1015508818,0
1015043690,0
1014983302,0
1015731314,0
1015682294,0
1015551657,0
1014709985,0
1015087981,0
1014837784,0
1014907632,0
1015275296,0
1015912931,0
1015696962,0
1015104758,0
1015331556,0
1016150671,0
1015520148,0
1014758536,0
1015008601,0
1015808531,0
1014999450,0
1014919332,6.1
1015318820,12;6.1
1015978346,0
1015929974,0
1015501626,0
1015949549,0
1014782433,0
1016084093,0
1015968342,0
1014809175,0
1015799623,0
1015156757,6.1
1015577298,0
1015318760,0
1015090584,0
1014744286,0
1015152896,0
1014838668,0
1015802602,0
1015813024,0
1016020906,0
1015428235,0
1015316934,0
1014986010,0
1015775294,0
1015105284,0
1015995846,0
1015634909,0
1015525441,0
1014789339,0
1015030416,0
1016195700,0
1015516069,0
1014940786,0
1016100240,0
1014752411,6.1
1014902827,0
1015646053,6.1
1015701772,0
1014746007,0
1016053623,0
1015955038,0
1015684473,0
1015375741,0
1015740828,0
1016235040,0
1015202189,0
1015118462,0
1016259750,0
1014824968,0
1015330320,0
1015960427,0
1014891273,0
1014729224,0
1016114064,0
1015324150,0
1016035001,0
1016185195,0
1015092981,0
1015289981,6.2
1015156893,0
1016154739,0
1015297018,6.1
1015113180,0
1015088018,0
1015982410,0
1016089715,6.1
1016192033,0
1015413505,0
1015426906,0
1014752195,0
1014639136,0
1015194090,0
1016231341,0
1015858326,0
1015422497,0
1015642841,0
1014870500,0
1015334846,0
1014753564,0
1015735393,0
1015423346,6.1
1014911546,0
1015663696,5.1
1016021981,0
1015176649,0
1015423494,0
1014691041,0
1015601542,0
1015356366,6.1
1015116720,0
1015047735,0
1015197662,0
1014938123,0
1014791683,0
1015409806,0
1015734046,0
1014907352,12
1015217828,0
1015804387,0
1015172100,0
1014981534,0
1015213965,0
1016186465,0
1014808106,0
1015121257,0
1015930775,6.1
1015055466,0
1014980236,0
1015574039,0
1015742200,0
1016231634,0
1016123035,0
1014925690,0
1015043672,0
1016032300,0
1015584032,0
1014802451,0
1015194213,0
1014970678,0
1015942869,14
1014776824,0
1014867552,0
1014760189,0
1015034885,0
1016025104,0
1014887026,0
1015021423,0
1015109287,0
1015552924,0
1016164446,0
1015083335,0
1016037390,0
1014678447,0
1015929392,0
1014778674,0
1015109679,0
1015158333,0
1015342146,0
1016094385,0
1015691072,0
1015597395,0
1015140993,0
1015255692,0
1016186540,0
1015573882,0
1015251025,0
1015227772,0
1014961676,0
1015400042,0
1015210817,0
1014652222,0
1015171869,17
1015989771,0
1015825926,0
1014681485,6.2
1016272633,0
1016258026,0
1014977853,0
1014979505,0
1015189811,0
1015292613,0
1016123594,0
1015698001,0
1015479765,0
1015083231,0
1014812302,0
1015629586,0
1015705476,0
1016166805,0
1016168362,0
1015307504,0
1015396869,0
1014932445,0
1015632346,0
1015774465,0
1015805714,0
1016083230,14
1015762775,0
1014834110,0
1016081924,0
1015458157,0
1015065255,0
1014834156,0
1015483055,0
1014765801,0
1014921087,0
1014808751,0
1014656409,0
1015286807,0
1015296195,0
1014912574,0
1015031262,6.1
1014980600,0
1015076427,0
1015859526,0
1014795628,0
1016257850,0
1015654996,0
1016251056,0
1015419295,0
1014713626,0
1015691798,0
1014837719,0
1015307787,13
1014905476,0
1015594473,0
1015334927,0
1015635855,0
1015486843,0
1015503051,0
1015675367,0
1016025145,0
1015907400,0
1015748989,0
1015217867,17
1016092685,0
1016025261,0
1016259096,0
1015704755,0
1014942672,0
1015923395,0
1016084791,0
1016011298,0
1014793185,0
1014651875,0
1015532532,0
1015632904,0
1014860468,0
1014687838,0
1015281543,0
1015401297,0
1015262257,0
1015240609,0
1015785357,0
1014961172,0
1015546069,0
1016083782,0
1014939335,0
1015167530,0
1015435056,0
1015224310,0
1015805202,0
1015118307,6.1
1015139115,0
1014834309,0
1014657043,0
1014834942,0
1016169919,0
1015311299,0
1015577088,0
1015223154,0
1015413019,0
1014845365,0
1015396670,0
1015770793,0
1015716128,0
1014656080,0
1014663667,0
1016157365,0
1015722734,0
1015412595,0
1015383606,0
1015497060,0
1014975360,0
1014859785,0
1015779833,0
1015598123,0
1015167911,6.1
1015181920,0
1015930574,6.1
1015113739,0
1015627312,0
1015721071,0
1015422812,0
1015777017,0
1015011238,0
1016242385,0
1015307221,0
1016261559,0
1014753093,0
1014850299,0
1016141686,0
1015637734,0
1015142347,0
1015586224,0
1016221811,0
1014680410,0
1015005374,0
1014753061,0
1015471556,0
1014970757,0
1016220165,0
1015265175,0
1014717187,0
1015133813,0
1014931674,0
1015939942,0
1014766286,0
1015464304,0
1014921586,0
1016232473,0
1015382268,0
1015432513,0
1014856659,0
1015764927,0
1015410154,0
1014903239,0
1015676929,0
1015035958,0
1014850821,0
1015471489,0
1014884309,0
1015253631,14
1015043443,6.1
1014836363,0
1015098831,0
1015979925,0
1015235482,0
1015653208,0
1016109707,0
1015746792,0
1015396907,0
1015599851,0
1016107023,14
1015497178,0
1015746454,0
1016016245,0
1016111310,0
1014976708,0
1016010010,0
1015646763,0
1015573127,0
1015785687,0
1015172288,0
1016170112,0
1015590357,0
1015789718,0
1015662653,0
1015421236,0
1014856874,0
1016224506,0
1015217657,0
1015155846,0
1014974158,0
1014733419,0
1016231437,0
1015796854,0
1016122067,0
1015694834,0
1015023072,0
1015750911,0
1014848068,0
1015324010,0
1015709021,0
1015959424,0
1016261383,0
1016031901,0
1014767298,1.1
1014933754,0
1015053543,0
1014651496,0
1015158375,0
1015135356,0
1016248427,0
1015083132,0
1015431788,0
1015629431,0
1015470621,6.1
1015823025,0
1015663543,0
1015384752,0
1015658667,0
1015474257,0
1016199793,6.1
1015520838,0
1016115625,0
1014907364,0
1014849458,0
1014837735,0
1015921577,0
1016191636,0
1015040999,0
1016053300,0
1016024479,0
1015655463,0
1015139007,0
1015750744,0
1015329402,0
1015218955,0
1015632674,0
1015314646,0
1015586796,0
1015334912,0
1014675588,0
1015493139,0
1015655905,0
1015183613,0
1015727234,0
1014798911,0
1015130089,0
1016122356,0
1015030399,0
1015697929,0
1015046657,0
1015516808,0
1014689149,0
1014678974,0
1015709719,0
1015333581,0
1015003727,0
1016243101,0
1016089454,0
1015591423,0
1014865587,0
1015995178,0
1014740437,0
1014933447,0
1015293468,0
1014753114,0
1016176350,0
1014902974,0
1016150053,0
1015386377,0
1014890487,0
1015917153,0
1015328825,0
1014733855,0
1015911884,0
1016081766,14;6.1
1015405860,0
1014709987,0
1015651282,0
1015318447,0
1014975570,0
1015113262,0
1014926296,0
1015038169,0
1014730217,0
1015198516,0
1015033256,0
1014969888,0
1016259009,17
1015457815,0
1015104578,0
1015156874,0
1015679702,0
1015327123,0
1016233490,0
1015818998,0
1015301314,0
1014713857,0
1015848446,0
1014675393,0
1015846000,0
1015431781,0
1014812264,0
1015065106,0
1014903776,0
1015550126,0
1014754412,0
1015936703,0
1014746511,0
1015841908,0
1015210991,0
1015048524,0
1016194988,0
1015405923,0
1015021183,0
1015456665,0
1015663140,0
1015142868,0
1015994676,0
1016131300,0
1015625134,0
1015182215,0
1016114846,0
1015577883,0
1015762809,0
1015026913,0
1015835876,0
1016241795,0
1015716456,14
1015662108,0
1015773048,0
1015164690,0
1016103215,0
1015405947,0
1015470994,0
1015865828,0
1014979511,0
1015721448,0
1015755834,0
1015204881,0
1015183413,0
1015397337,0
1015027100,0
1015030078,0
1015317210,0
1015310958,0
1014685517,0
1015277008,0
1015142758,0
1015858829,0
1016231396,0
1015548736,0
1016156536,0
1014752705,0
1014863820,0
1014686351,0
1014772394,0
1015224700,0
1016219231,0
1016071104,0
1014697150,0
1014828403,0
1015285267,0
1014849379,0
1014697542,0
1014971309,0
1015909610,0
1016011120,0
1015686260,0
1015364545,0
1015030890,0
1016114054,0
1015659304,0
1015845525,0
1014785880,0
1016251554,0
1015171889,17
1014734552,0
1014992176,0
1014813019,0
1016081720,0
1015659022,0
1015818498,0
1014718321,6.1
1015705596,0
1016259168,0
1015031066,0
1015802523,14
1015716527,0
1016007564,0
1014979653,0
1014643903,0
1014918088,0
1014995779,0
1014764038,0
1015087196,0
1015809208,0
1015880575,0
1015272503,12
1015825324,0
1014921787,0
1016031109,0
1015602619,17
1016136656,0
1015264782,0
1014752150,0
1014746532,0
1015405474,0
1015803886,0
1015334790,0
1015094911,0
1016119950,0
1015813108,0
1015043501,0
1015459118,14
1015086301,0
1016009012,0
1014971913,0
1016081880,0
1014668714,0
1015179725,0
1015637350,0
1015675607,0
1015130567,0
1014970474,0
1015331859,0
1015413886,0
1014811175,0
1015401175,0
1016217977,0
1015036839,0
1014926444,0
1016219573,0
1015967553,0
1014884528,0
1015281970,0
1014891229,0
1015959788,0
1015021971,0
1014896600,0
1014849585,0
1015991545,0
1015001137,0
1015573764,0
1014837711,0
1015252613,0
1015406462,0
1014933602,0
1015212049,0
1015183647,0
1015047671,0
1015604951,0
1016104807,0
1015589895,0
1015980939,0
1015081419,0
1015030797,0
1015260813,0
1015004169,0
1015281201,0
1015046794,0
1015027241,0
1015692658,0
1014741568,0
1014962409,0
1014691263,0
1016170035,0
1015625084,0
1015083835,0
1014655975,0
1014933429,0
1014770713,0
1015176338,0
1014997235,0
1015005152,0
1014765862,0
1015883561,0
1015510832,0
1015928565,6.1
1016164824,0
1015135013,0
1015774925,0
1016106994,6.1
1015135317,0
1015027167,0
1015959293,0
1015268168,0
1015887780,18.1
1015701181,0
1015801029,0
1014730048,0
1016257405,0
1015848247,0
1015475317,0
1015276782,0
1014704567,0
1014971545,0
1015156855,0
1016091427,0
1015850378,0
1015656169,0
1015039708,0
1015476156,0
1015317451,0
1016174368,0
1015419368,0
1014828016,0
1016020645,0
1015802677,0
1015314172,0
1016239620,0
1015009885,0
1014810457,6.1
1014769619,0
1015406058,0
1015696119,0
1015832033,0
1015275130,0
1015742169,0
1015294205,0
1015795981,0
1014805197,0
1015706175,0
1016229518,0
1016227985,0
1015170368,0
1014676324,0
1015046522,0
1015097529,0
1014928042,0
1016122587,0
1016140546,0
1014691886,0
1016083855,0
1016032454,0
1015382317,0
1015721120,0
1014780034,0
1015227942,0
1014758610,0
1015120970,0
1015286944,0
1014678300,0
1015577036,0
1014965364,0
1015621493,0
1015109519,0
1015378455,0
1016147317,0
1016122177,0
1016261811,0
1015043370,0
1015180262,6.1
1015395739,0
1015864411,0
1016032764,0
1015026742,0
1016235499,0
1015805607,0
1015335029,0
1016245366,0
1016200253,0
1015431899,0
1016133599,0
1014827018,0
1015239808,0
1015297889,0
1016073206,0
1015327290,0
1014822397,15;6.1
1015183541,0
1016022250,0
1015043566,0
1016016393,0
1016126403,0
1016136829,0
1015796971,0
1015240058,0
1015297572,0
1015805713,0
1015854299,0
1015637607,0
1015084186,0
1014995745,0
1015763101,0
1015501646,0
1015525113,0
1016190839,0
1015180493,0
1014707018,0
1015112765,0
1015194220,0
1015025353,0
1014878125,0
1016241802,0
1014707116,0
1016081650,0
1014870396,0
1016194875,0
1015697333,6.1
1015750220,0
1015635964,0
1015449293,0
1015406038,0
1015191228,0
1016037313,0
1015662518,0
1015683745,0
1014942884,0
1016259116,0
1015681862,0
1015731606,0
1015303883,0
1014654837,0
1015919214,6.1
1016000345,0
1016082683,0
1016110312,0
1015227762,13
1015104991,0
1015131842,0
1015031282,0
1016223844,17;6.1
1015105662,0
1015949440,0
1015708953,0
1014664115,0
1015621563,0
1016157976,0
1015091504,6.1
1015505802,0
1016169629,0
1015204818,0
1015317110,0
1016148508,0
1014691988,0
1015479646,0
1016069666,0
1015347935,0
1016255779,0
1016131356,0
1015342309,0
1016070584,0
1016253573,0
1014733685,0
1015432440,0
1015709312,0
1015746355,0
1015269716,13;17
1014912466,0
1015449036,0
1015448969,0
1015771083,0
1015935936,0
1015929550,0
1014723429,5.1;6.1
1015265890,0
1015982651,0
1015444715,0
1015932938,0
1015237711,0
1016234744,0
1016181415,0
1014791327,0
1014809649,17
1015275939,0
1015691272,0
1015625373,0
1016101672,14;6.1
1015126546,0
1014986127,0
1015307812,6.2
1015496535,0
1015445208,0
1014837989,0
1015269499,0
1015805060,0
1016154633,0
1015065575,0
1015842327,0
1014724617,0
1014933381,0
1015390840,0
1015679228,0
1015179065,0
1015288138,0
1015695334,0
1016009517,0
1015991555,0
1014890229,0
1016017340,0
1015744969,0
1016137617,0
1015979725,0
1015302814,0
1015041360,0
1016153866,0
1015087898,0
1016060622,0
1015733049,0
1016122662,0
1014805282,0
1014991951,0
1015433455,6.1
1014660611,0
1015476448,0
1015650265,0
1015261788,0
1015708622,0
1016133123,0
1015515777,0
1014850220,0
1014846024,0
1015130967,0
1015373693,0
1016222300,0
1015776104,0
1016010757,0
1015842003,0
1014690539,0
1016058480,0
1015819275,0
1015655622,0
1015043715,0
1014808964,0
1015989777,0
1014984741,0
1014712888,0
1015647981,0
1015080522,0
1016138678,0
1015314649,0
1015791208,0
1015582367,0
1015112739,0
1015043684,6.1
1015421120,0
1014895241,0
1014850848,0
1015948887,0
1016105453,0
1016122725,0
1015983903,0
1016128369,0
1014936041,0
1014703669,0
1014699227,0
1014672113,0
1015996129,0
1016275266,0
1015939156,0
1016223635,0
1014854294,0
1015293486,0
1015048775,0
1015999880,14
1016256905,0
1014701441,0
1014808327,0
1015632305,0
1014807909,0
1015001141,0
1015934733,0
1015418022,0
1014915252,0
1015409420,18.1
1014656047,0
1015567207,0
1015573316,0
1016105835,4.4
1016121639,0
1016106363,0
1015072618,0
1015008137,0
1014970903,0
1015809187,6.1
1015317000,0
1015796401,0
1014777901,0
1015172222,17;6.1
1015797072,0
1014761068,0
1014768213,0
1015010326,0
1014856451,0
1015724838,0
1015083897,0
1014965466,0
1015355795,0
1015704999,0
1015633629,0
1016081910,0
1015628688,0
1014933765,0
1015130827,0
1015260058,1.37.1;1.40.1;1.49.4
1015241802,0
1015183004,0
1015784602,0
1015347786,0
1015528479,0
1014769346,0
1016268885,0
1014773068,0
1015043586,0
1015505033,0
1014931774,17
1015259148,0
1014671915,0
1015591016,0
1014979692,0
1016044297,0
1015255230,0
1015637401,0
1015930546,0
1015636619,0
1016011201,0
1015812462,0
1015205885,0
1015035549,17
1015482552,0
1015116992,17
1015359381,0
1016069541,0
1015011261,0
1016091977,0
1015893848,0
1016005229,0
1015525935,0
1015646809,0
1016249727,0
1016133930,0
1015030619,0
1015726609,0
1016186204,0
1016262261,0
1015460498,0
1015413692,0
1015074201,0
1016140930,0
1014660145,0
1015263572,0
1015054498,14
1015691597,0
1016224759,0
1014997255,0
1015026480,0
1015721277,0
1014874349,0
1015227831,0
1015770203,0
1015082159,0
1016056036,0
1015741794,0
1015164192,0
1015036061,0
1015412414,0
1015167987,0
1015142994,0
1015749389,0
1015566900,0
1015335115,0
1016269767,0
1015897751,0
1015046935,0
1015182933,6.1
1015994759,0
1015476488,0
1015990032,0
1014872959,0
1015286733,0
1015288275,0
1014925271,0
1015709147,0
1015189541,0
1015183669,0
1015297367,0
1016010994,0
1015642255,0
1015281671,0
1016165381,0
1015035733,0
1016054577,0
1015774546,6.1
1015628648,0
1015296662,0
1014779529,0
1015572530,0
1015457931,0
1015224848,0
1016016356,0
1015801993,0
1014734757,0
1015547381,0
1015791043,0
1014907491,0
1015647966,5.1
1015378402,6.1
1016248017,0
1014907629,0
1014703763,0
1014751869,0
1015164255,0
1016258054,0
1015446643,0
1016081726,0
1015621900,0
1015227724,0
1014947841,0
1015036963,1.37.1
1015050128,0
1015851509,0
1015190415,0
1015341593,0
1015573023,0
1015405749,0
1016151865,0
1015795906,0
1016231675,0
1015962360,0
1015112988,0
1015744795,0
1015939738,0
1016217530,0
1016011262,17;6.1
1015866167,0
1014664025,0
1015653648,0
1016108976,0
1015505393,0
1015529287,0
1015620385,0
1016018182,0
1015164565,4.4
1015391102,0
1015358753,0
1015112283,0
1015003614,0
1015610342,0
1014723120,0
1015465307,0
1014767291,0
1016110237,0
1015054381,0
1015237672,0
1014709964,0
1015138273,17;6.1
1016034717,0
1016017458,0
1015529375,0
1015434685,0
1016241742,0
1015750164,0
1015604377,0
1015841855,0
1015451675,0
1014925236,0
1014855900,0
1015492418,0
1015701044,0
1015704571,0
1015457963,0
1014879962,0
1015734865,0
1015135172,0
1016225891,0
1015523735,0
1015091086,0
1015944100,0
1015629079,0
1014942432,0
1015048152,0
1016115619,0
1015558803,0
1014713137,0
1015012256,0
1015138838,0
1015649761,17
1015248641,0
1016036802,0
1015619805,0
1015812590,0
1016069559,0
1015083334,0
1015008150,5.1
1014837817,0
1015076117,0
1015663553,0
1015396948,0
1016025523,0
1015550354,0
1015327728,0
1015573123,0
1016227828,0
1014717610,6.2
1016016252,0
1015034858,0
1015509111,0
1014709130,0
1014970912,0
1015348153,0
1015932364,17
1015133686,0
1015379249,0
1016115963,0
1015796470,0
1015546026,0
1016101309,0
1016031715,0
1015175302,0
1015222247,0
1015026839,0
1014808266,0
1015043653,0
1014769760,0
1016181917,0
1016128901,0
1015943490,14
1015391296,0
1014793413,0
1015427648,6.1
1015004866,0
1014953285,0
1015041170,0
1015917311,0
1015706056,6.2
1016158431,5.1
1015643405,0
1014763161,0
1015879823,0
1015047563,0
1015065199,0
1015836250,0
1015623637,0
1015866033,0
1014758894,0
1016119692,0
1015643224,0
1014766512,0
1014672135,0
1015359526,0
1015155820,0
1015272305,0
1014680367,18.2
1015076415,0
1015546072,0
1015190716,0
1016084100,0
1016115399,0
1014752567,0
1015200750,0
1016225120,0
1014905445,0
1015030974,0
1015923025,0
1014651823,0
1015675920,0
1015663411,0
1016235543,0
1016101158,0
1015282691,0
1016017293,17;6.1
1015808404,0
1014687940,0
1015765184,0
1015054696,0
1014716681,0
1016032003,0
1015373403,0
1015797073,1.36.1
1014807492,0
1014675465,0
1014664289,0
1016037019,0
1015024762,0
1015445298,0
1015226090,0
1015303702,0
1016164198,0
1015045286,4.4
1016147654,0
1015695647,0
1014757971,0
1015750295,0
1016114363,0
1014907000,0
1015215741,0
1015704778,0
1015586842,0
1016036991,0
1015155202,0
1015841530,0
1015675357,0
1014875260,0
1014986346,0
1014933573,0
1015341114,0
1016218050,0
1014798980,0
1015935512,0
1015585785,0
1015594498,6.1
1014792960,0
1015190213,0
1014733534,0
1015696276,0
1014658708,0
1016214485,0
1015087341,6.1
1015037528,0
1014789681,0
1014785761,0
1015917439,0
1014733090,0
1016140960,0
1015497041,0
1015126310,0
1015365499,0
1014872821,0
1014804598,0
1015635654,0
1015674664,0
1015741755,0
1016231728,0
1016229157,0
1015750353,0
1016011290,0
1015643086,0
1015939758,6.1
1015845175,0
1015535757,0
1015157560,0
1015083218,0
1015183396,0
1015954723,0
1015825842,0
1014874352,0
1015663181,0
1015413723,0
1015574986,0
1015099321,0
1015651509,0
1015282140,0
1015084391,0
1016105323,0
1015419803,0
1014691147,0
1015419152,0
1015126077,0
1015129296,0
1015358994,0
1015880655,0
1015051964,0
1015046953,0
1015205945,13
1015205976,0
1015334474,0
1014936405,0
1014933671,0
1015374896,0
1014977278,1.37.1
1015201859,0
1016180723,0
1015036932,5.1;6.1
1014939263,0
1014804585,0
1015427683,0
1015375950,0
1016090643,0
1014871533,0
1015142234,0
1016267687,17
1015658979,0
1015878829,0
1015654725,0
1016229265,0
1015641564,0
1015109381,0
1014975396,0
1015076865,0
1016016769,0
1014706233,0
1014712255,0
1015099433,0
1016190951,0
1015105361,0
1015342045,0
1015800926,0
1014671142,12;15;6.2
1015177083,0
1016182707,0
1016058516,0
1015983112,0
1016074457,0
1015484420,0
1015979171,0
1015238084,0
1015799427,0
1015799140,0
1015288181,0
1015770956,0
1014795317,4.3.1
1016120855,0
1014767025,0
1016041525,0
1015168419,0
1015697097,0
1015809100,0
1016104968,0
1014809127,0
1015256095,0
1016232643,0
1014902579,0
1015557424,0
1015135708,0
1015708424,0
1015632598,0
1015327753,0
1015238307,0
1015280566,0
1015741903,0
1014862345,0
1015746748,0
1015364680,0
1015364084,0
1014664608,0
1015472200,0
1015025967,0
1015051556,0
1016059583,0
1016228721,0
1015285034,0
1015774987,0
1014754983,0
1016190332,0
1015487792,0
1016241405,0
1016029459,0
1015156017,0
1014764932,0
